window_index,attack_label,attack_type,original_score,k,ig_masked_score,ig_score_drop,random_masked_score_mean,random_score_drop_mean,delta_drop,ig_topk_features,ig_target
14135,1,DDoS,0.5324211120605469,5,0.5008420348167419,0.03157907724380493,0.5179613947868347,0.014459717273712203,0.01711935997009273,Bwd Packet Length Std;Bwd Packet Length Mean;PSH Flag Count;ACK Flag Count;Avg Bwd Segment Size,fused_tad_score
14135,1,DDoS,0.5324211120605469,10,0.4127080738544464,0.11971303820610046,0.560826325416565,-0.02840521335601809,0.14811825156211855,Bwd Packet Length Std;Bwd Packet Length Mean;PSH Flag Count;ACK Flag Count;Avg Bwd Segment Size;Packet Length Variance;Max Packet Length;Packet Length Std;Average Packet Size;Flow Duration,fused_tad_score
14135,1,DDoS,0.5324211120605469,20,0.40643155574798584,0.12598955631256104,0.5412866830825805,-0.00886557102203367,0.1348551273345947,Bwd Packet Length Std;Bwd Packet Length Mean;PSH Flag Count;ACK Flag Count;Avg Bwd Segment Size;Packet Length Variance;Max Packet Length;Packet Length Std;Average Packet Size;Flow Duration;URG Flag Count;Fwd IAT Total;Packet Length Mean;SYN Flag Count;Bwd IAT Total;Destination Port;Idle Min;Bwd Packet Length Max;Fwd IAT Mean;Bwd IAT Max,fused_tad_score
14692,1,DDoS,0.4403078854084015,5,0.48883384466171265,-0.04852595925331116,0.4408633172512054,-0.0005554318428039329,-0.047970527410507224,PSH Flag Count;ACK Flag Count;Bwd Packet Length Std;Max Packet Length;Packet Length Variance,fused_tad_score
14692,1,DDoS,0.4403078854084015,10,0.5026679039001465,-0.062360018491744995,0.45277761220932006,-0.012469726800918568,-0.04989029169082643,PSH Flag Count;ACK Flag Count;Bwd Packet Length Std;Max Packet Length;Packet Length Variance;Bwd Packet Length Mean;Average Packet Size;Flow Duration;Fwd IAT Total;URG Flag Count,fused_tad_score
14692,1,DDoS,0.4403078854084015,20,0.407315731048584,0.032992154359817505,0.5006156921386719,-0.060307806730270364,0.09329996109008787,PSH Flag Count;ACK Flag Count;Bwd Packet Length Std;Max Packet Length;Packet Length Variance;Bwd Packet Length Mean;Average Packet Size;Flow Duration;Fwd IAT Total;URG Flag Count;Packet Length Std;Avg Bwd Segment Size;SYN Flag Count;Bwd IAT Total;Packet Length Mean;Destination Port;Idle Min;Bwd Packet Length Max;Fwd IAT Mean;Bwd IAT Max,fused_tad_score
14766,1,DDoS,0.44486862421035767,5,0.4602358341217041,-0.015367209911346436,0.4437613844871521,0.0011072397232055886,-0.016474449634552024,ACK Flag Count;PSH Flag Count;Bwd IAT Total;Flow Duration;SYN Flag Count,fused_tad_score
14766,1,DDoS,0.44486862421035767,10,0.4358835816383362,0.008985042572021484,0.4576296627521515,-0.012761038541793834,0.02174608111381532,ACK Flag Count;PSH Flag Count;Bwd IAT Total;Flow Duration;SYN Flag Count;Idle Min;Avg Bwd Segment Size;URG Flag Count;Fwd IAT Total;Bwd Packet Length Std,fused_tad_score
14766,1,DDoS,0.44486862421035767,20,0.41733378171920776,0.027534842491149902,0.4637438476085663,-0.01887522339820863,0.04641006588935853,ACK Flag Count;PSH Flag Count;Bwd IAT Total;Flow Duration;SYN Flag Count;Idle Min;Avg Bwd Segment Size;URG Flag Count;Fwd IAT Total;Bwd Packet Length Std;Destination Port;Init_Win_bytes_forward;Bwd IAT Max;FIN Flag Count;Flow IAT Mean;Packet Length Std;Init_Win_bytes_backward;Bwd Packet Length Mean;Flow IAT Max;Packet Length Mean,fused_tad_score
15265,1,DDoS,0.5037783980369568,5,0.5305705666542053,-0.026792168617248535,0.5259602725505829,-0.022181874513626076,-0.004610294103622459,Bwd Packet Length Std;PSH Flag Count;ACK Flag Count;Bwd Packet Length Mean;Packet Length Variance,fused_tad_score
15265,1,DDoS,0.5037783980369568,10,0.4030395746231079,0.10073882341384888,0.5148942589759826,-0.011115860939025834,0.11185468435287471,Bwd Packet Length Std;PSH Flag Count;ACK Flag Count;Bwd Packet Length Mean;Packet Length Variance;Avg Bwd Segment Size;Max Packet Length;Average Packet Size;Packet Length Std;URG Flag Count,fused_tad_score
15265,1,DDoS,0.5037783980369568,20,0.4066982865333557,0.09708011150360107,0.5305301725864411,-0.026751774549484297,0.12383188605308537,Bwd Packet Length Std;PSH Flag Count;ACK Flag Count;Bwd Packet Length Mean;Packet Length Variance;Avg Bwd Segment Size;Max Packet Length;Average Packet Size;Packet Length Std;URG Flag Count;Flow Duration;Packet Length Mean;Fwd IAT Total;SYN Flag Count;Bwd IAT Total;Destination Port;Bwd Packet Length Max;Idle Min;Bwd IAT Max;Fwd IAT Max,fused_tad_score
15323,1,DDoS,0.4943283796310425,5,0.5380414724349976,-0.04371309280395508,0.5169655382633209,-0.022637158632278442,-0.021075934171676636,Bwd Packet Length Std;PSH Flag Count;ACK Flag Count;Bwd Packet Length Mean;Packet Length Variance,fused_tad_score
15323,1,DDoS,0.4943283796310425,10,0.41582995653152466,0.07849842309951782,0.47964271903038025,0.014685660600662231,0.06381276249885559,Bwd Packet Length Std;PSH Flag Count;ACK Flag Count;Bwd Packet Length Mean;Packet Length Variance;Max Packet Length;Average Packet Size;Avg Bwd Segment Size;URG Flag Count;Packet Length Std,fused_tad_score
15323,1,DDoS,0.4943283796310425,20,0.4151730239391327,0.07915535569190979,0.5460696220397949,-0.05174124240875244,0.13089659810066223,Bwd Packet Length Std;PSH Flag Count;ACK Flag Count;Bwd Packet Length Mean;Packet Length Variance;Max Packet Length;Average Packet Size;Avg Bwd Segment Size;URG Flag Count;Packet Length Std;SYN Flag Count;Idle Min;Bwd IAT Total;Fwd IAT Total;Destination Port;Packet Length Mean;Bwd Packet Length Max;Flow Duration;Fwd IAT Max;Flow IAT Mean,fused_tad_score
15377,1,DDoS,0.4386763274669647,5,0.44724041223526,-0.008564084768295288,0.4399256527423859,-0.0012493252754211537,-0.007314759492874134,ACK Flag Count;PSH Flag Count;Bwd IAT Total;Flow Duration;SYN Flag Count,fused_tad_score
15377,1,DDoS,0.4386763274669647,10,0.431976318359375,0.006700009107589722,0.4480112373828888,-0.009334909915924061,0.016034919023513783,ACK Flag Count;PSH Flag Count;Bwd IAT Total;Flow Duration;SYN Flag Count;Idle Min;Fwd IAT Total;Avg Bwd Segment Size;URG Flag Count;Bwd Packet Length Std,fused_tad_score
15377,1,DDoS,0.4386763274669647,20,0.42104998230934143,0.01762634515762329,0.45072696805000306,-0.012050640583038341,0.029676985740661632,ACK Flag Count;PSH Flag Count;Bwd IAT Total;Flow Duration;SYN Flag Count;Idle Min;Fwd IAT Total;Avg Bwd Segment Size;URG Flag Count;Bwd Packet Length Std;Destination Port;Init_Win_bytes_forward;Bwd Packet Length Mean;Max Packet Length;Bwd IAT Max;FIN Flag Count;Packet Length Std;Fwd PSH Flags;Average Packet Size;Fwd IAT Mean,fused_tad_score
15412,1,DDoS,0.4762577414512634,5,0.4601662755012512,0.016091465950012207,0.4683754801750183,0.00788226127624514,0.008209204673767068,ACK Flag Count;PSH Flag Count;Bwd IAT Total;Idle Min;Bwd Packet Length Std,fused_tad_score
15412,1,DDoS,0.4762577414512634,10,0.4563044309616089,0.01995331048965454,0.46858248114585876,0.007675260305404663,0.012278050184249878,ACK Flag Count;PSH Flag Count;Bwd IAT Total;Idle Min;Bwd Packet Length Std;SYN Flag Count;Avg Bwd Segment Size;Flow Duration;Max Packet Length;Destination Port,fused_tad_score
15412,1,DDoS,0.4762577414512634,20,0.43024003505706787,0.04601770639419556,0.5034290552139282,-0.027171313762664795,0.07318902015686035,ACK Flag Count;PSH Flag Count;Bwd IAT Total;Idle Min;Bwd Packet Length Std;SYN Flag Count;Avg Bwd Segment Size;Flow Duration;Max Packet Length;Destination Port;URG Flag Count;Bwd Packet Length Mean;Init_Win_bytes_forward;Flow IAT Mean;Flow IAT Max;Average Packet Size;Fwd IAT Total;Bwd IAT Max;FIN Flag Count;Packet Length Variance,fused_tad_score
16192,1,DDoS,0.7786080241203308,5,0.22820578515529633,0.5504022389650345,0.659065705537796,0.11954231858253483,0.43085992038249965,Bwd Packet Length Std;Bwd Packet Length Mean;Packet Length Variance;Avg Bwd Segment Size;Max Packet Length,fused_tad_score
16192,1,DDoS,0.7786080241203308,10,0.17628122866153717,0.6023267954587936,0.6974669694900513,0.08114105463027954,0.5211857408285141,Bwd Packet Length Std;Bwd Packet Length Mean;Packet Length Variance;Avg Bwd Segment Size;Max Packet Length;Fwd IAT Max;ACK Flag Count;Fwd IAT Std;PSH Flag Count;Packet Length Std,fused_tad_score
16192,1,DDoS,0.7786080241203308,20,0.4951915144920349,0.2834165096282959,0.693541145324707,0.0850668787956238,0.1983496308326721,Bwd Packet Length Std;Bwd Packet Length Mean;Packet Length Variance;Avg Bwd Segment Size;Max Packet Length;Fwd IAT Max;ACK Flag Count;Fwd IAT Std;PSH Flag Count;Packet Length Std;Flow IAT Max;Average Packet Size;URG Flag Count;Flow Duration;Idle Max;Packet Length Mean;Fwd IAT Total;Idle Min;Idle Std;Destination Port,fused_tad_score
16907,1,DDoS,0.5092440247535706,5,0.5401729941368103,-0.030928969383239746,0.5135242938995361,-0.004280269145965576,-0.02664870023727417,Bwd Packet Length Std;PSH Flag Count;ACK Flag Count;Bwd Packet Length Mean;Packet Length Variance,fused_tad_score
16907,1,DDoS,0.5092440247535706,10,0.40782612562179565,0.1014178991317749,0.5229808509349823,-0.013736826181411699,0.1151547253131866,Bwd Packet Length Std;PSH Flag Count;ACK Flag Count;Bwd Packet Length Mean;Packet Length Variance;Max Packet Length;Avg Bwd Segment Size;Average Packet Size;Packet Length Std;URG Flag Count,fused_tad_score
16907,1,DDoS,0.5092440247535706,20,0.4079965054988861,0.10124751925468445,0.5121922612190246,-0.002948236465454057,0.1041957557201385,Bwd Packet Length Std;PSH Flag Count;ACK Flag Count;Bwd Packet Length Mean;Packet Length Variance;Max Packet Length;Avg Bwd Segment Size;Average Packet Size;Packet Length Std;URG Flag Count;Packet Length Mean;Fwd IAT Total;SYN Flag Count;Flow Duration;Bwd IAT Total;Destination Port;Idle Min;Bwd Packet Length Max;Fwd IAT Max;Bwd IAT Max,fused_tad_score
17099,1,DDoS,0.4818422794342041,5,0.4668760895729065,0.014966189861297607,0.48039668798446655,0.0014455914497375488,0.013520598411560059,ACK Flag Count;PSH Flag Count;Bwd Packet Length Std;Bwd IAT Total;Flow Duration,fused_tad_score
17099,1,DDoS,0.4818422794342041,10,0.4410979151725769,0.0407443642616272,0.45980322957038877,0.02203904986381533,0.018705314397811867,ACK Flag Count;PSH Flag Count;Bwd Packet Length Std;Bwd IAT Total;Flow Duration;Bwd Packet Length Mean;Max Packet Length;Avg Bwd Segment Size;SYN Flag Count;Idle Min,fused_tad_score
17099,1,DDoS,0.4818422794342041,20,0.4187515676021576,0.06309071183204651,0.4348107099533081,0.047031569480895985,0.016059142351150524,ACK Flag Count;PSH Flag Count;Bwd Packet Length Std;Bwd IAT Total;Flow Duration;Bwd Packet Length Mean;Max Packet Length;Avg Bwd Segment Size;SYN Flag Count;Idle Min;Fwd IAT Total;URG Flag Count;Packet Length Std;Packet Length Variance;Average Packet Size;Init_Win_bytes_forward;Packet Length Mean;Destination Port;Fwd IAT Mean;Bwd Packet Length Max,fused_tad_score
17530,1,DDoS,0.47967714071273804,5,0.51899254322052,-0.03931540250778198,0.4897465229034424,-0.010069382190704357,-0.029246020317077626,PSH Flag Count;ACK Flag Count;Bwd Packet Length Std;Bwd Packet Length Mean;Packet Length Variance,fused_tad_score
17530,1,DDoS,0.47967714071273804,10,0.41046464443206787,0.06921249628067017,0.4921327829360962,-0.012455642223358154,0.08166813850402832,PSH Flag Count;ACK Flag Count;Bwd Packet Length Std;Bwd Packet Length Mean;Packet Length Variance;Max Packet Length;Average Packet Size;Avg Bwd Segment Size;URG Flag Count;Packet Length Std,fused_tad_score
17530,1,DDoS,0.47967714071273804,20,0.41210049390792847,0.06757664680480957,0.5433455049991608,-0.06366836428642275,0.13124501109123232,PSH Flag Count;ACK Flag Count;Bwd Packet Length Std;Bwd Packet Length Mean;Packet Length Variance;Max Packet Length;Average Packet Size;Avg Bwd Segment Size;URG Flag Count;Packet Length Std;SYN Flag Count;Packet Length Mean;Idle Min;Bwd IAT Total;Destination Port;Flow Duration;Fwd IAT Total;Bwd Packet Length Max;Fwd IAT Max;Bwd IAT Max,fused_tad_score
17750,1,DDoS,0.6835835576057434,5,0.5690799951553345,0.11450356245040894,0.6004179894924164,0.08316556811332698,0.031337994337081954,Bwd Packet Length Std;Bwd Packet Length Mean;Fwd IAT Max;Avg Bwd Segment Size;Idle Mean,fused_tad_score
17750,1,DDoS,0.6835835576057434,10,0.7007294297218323,-0.017145872116088867,0.6827022016048432,0.0008813560009002241,-0.01802722811698909,Bwd Packet Length Std;Bwd Packet Length Mean;Fwd IAT Max;Avg Bwd Segment Size;Idle Mean;PSH Flag Count;Fwd IAT Std;Flow IAT Max;Idle Max;Packet Length Variance,fused_tad_score
17750,1,DDoS,0.6835835576057434,20,0.4277403950691223,0.2558431625366211,0.6494136393070221,0.03416991829872129,0.2216732442378998,Bwd Packet Length Std;Bwd Packet Length Mean;Fwd IAT Max;Avg Bwd Segment Size;Idle Mean;PSH Flag Count;Fwd IAT Std;Flow IAT Max;Idle Max;Packet Length Variance;Fwd IAT Total;Packet Length Std;ACK Flag Count;Flow Duration;Average Packet Size;Max Packet Length;Idle Min;URG Flag Count;Flow IAT Std;Packet Length Mean,fused_tad_score
17968,1,DDoS,0.8608052730560303,5,0.3046468496322632,0.5561584234237671,0.7626430749893188,0.09816219806671145,0.45799622535705564,Bwd Packet Length Std;Bwd Packet Length Mean;Idle Std;Avg Bwd Segment Size;Packet Length Variance,fused_tad_score
17968,1,DDoS,0.8608052730560303,10,0.21769221127033234,0.6431130617856979,0.8673597931861877,-0.0065545201301574485,0.6496675819158554,Bwd Packet Length Std;Bwd Packet Length Mean;Idle Std;Avg Bwd Segment Size;Packet Length Variance;Max Packet Length;Fwd IAT Max;PSH Flag Count;Packet Length Std;Fwd IAT Std,fused_tad_score
17968,1,DDoS,0.8608052730560303,20,0.4118741750717163,0.44893109798431396,0.6851407289505005,0.17566454410552979,0.2732665538787842,Bwd Packet Length Std;Bwd Packet Length Mean;Idle Std;Avg Bwd Segment Size;Packet Length Variance;Max Packet Length;Fwd IAT Max;PSH Flag Count;Packet Length Std;Fwd IAT Std;Flow IAT Max;ACK Flag Count;Average Packet Size;Flow Duration;URG Flag Count;Packet Length Mean;Fwd IAT Total;Idle Max;Idle Mean;Bwd Packet Length Max,fused_tad_score
18580,1,DDoS,0.7941727042198181,5,0.6533107757568359,0.14086192846298218,0.6573637127876282,0.13680899143218994,0.004052937030792236,Bwd Packet Length Std;Bwd Packet Length Mean;Idle Std;Fwd IAT Max;Packet Length Variance,fused_tad_score
18580,1,DDoS,0.7941727042198181,10,0.3850717842578888,0.4091009199619293,0.8640180110931397,-0.06984530687332158,0.4789462268352509,Bwd Packet Length Std;Bwd Packet Length Mean;Idle Std;Fwd IAT Max;Packet Length Variance;Avg Bwd Segment Size;Max Packet Length;Fwd IAT Std;PSH Flag Count;ACK Flag Count,fused_tad_score
18580,1,DDoS,0.7941727042198181,20,0.43864142894744873,0.3555312752723694,0.5796262353658677,0.21454646885395046,0.14098480641841893,Bwd Packet Length Std;Bwd Packet Length Mean;Idle Std;Fwd IAT Max;Packet Length Variance;Avg Bwd Segment Size;Max Packet Length;Fwd IAT Std;PSH Flag Count;ACK Flag Count;Flow IAT Max;Average Packet Size;Flow Duration;Idle Max;Packet Length Std;URG Flag Count;Idle Mean;Fwd IAT Total;Bwd Packet Length Max;Flow IAT Std,fused_tad_score
19782,1,DDoS,0.45609670877456665,5,0.48771101236343384,-0.03161430358886719,0.46767136454582214,-0.011574655771255493,-0.020039647817611694,PSH Flag Count;ACK Flag Count;Bwd Packet Length Std;Bwd Packet Length Mean;Max Packet Length,fused_tad_score
19782,1,DDoS,0.45609670877456665,10,0.4760890603065491,-0.019992351531982422,0.4757870495319366,-0.019690340757369973,-0.00030201077461244896,PSH Flag Count;ACK Flag Count;Bwd Packet Length Std;Bwd Packet Length Mean;Max Packet Length;Packet Length Variance;Average Packet Size;URG Flag Count;Idle Min;SYN Flag Count,fused_tad_score
19782,1,DDoS,0.45609670877456665,20,0.41870200634002686,0.037394702434539795,0.5169940531253815,-0.06089734435081484,0.09829204678535464,PSH Flag Count;ACK Flag Count;Bwd Packet Length Std;Bwd Packet Length Mean;Max Packet Length;Packet Length Variance;Average Packet Size;URG Flag Count;Idle Min;SYN Flag Count;Bwd IAT Total;Destination Port;Bwd Packet Length Max;Avg Bwd Segment Size;Packet Length Std;Packet Length Mean;Fwd IAT Total;Flow Duration;Fwd IAT Max;Idle Mean,fused_tad_score
21863,1,DDoS,0.6505248546600342,5,0.7098978757858276,-0.05937302112579346,0.4664914429187775,0.1840334117412567,-0.24340643286705016,Bwd Packet Length Std;Fwd IAT Max;Bwd Packet Length Mean;Fwd IAT Std;Flow IAT Max,fused_tad_score
21863,1,DDoS,0.6505248546600342,10,0.7319443821907043,-0.08141952753067017,0.4429743647575378,0.20755048990249636,-0.2889700174331665,Bwd Packet Length Std;Fwd IAT Max;Bwd Packet Length Mean;Fwd IAT Std;Flow IAT Max;Avg Bwd Segment Size;PSH Flag Count;Idle Max;Idle Mean;Fwd IAT Total,fused_tad_score
21863,1,DDoS,0.6505248546600342,20,0.4493323266506195,0.20119252800941467,0.5467832654714584,0.10374158918857579,0.09745093882083888,Bwd Packet Length Std;Fwd IAT Max;Bwd Packet Length Mean;Fwd IAT Std;Flow IAT Max;Avg Bwd Segment Size;PSH Flag Count;Idle Max;Idle Mean;Fwd IAT Total;Packet Length Variance;Packet Length Std;Flow IAT Std;Flow Duration;Max Packet Length;Idle Std;ACK Flag Count;Average Packet Size;URG Flag Count;Bwd Packet Length Max,fused_tad_score
22033,1,DDoS,0.5703591108322144,5,0.5474451780319214,0.02291393280029297,0.5549012422561646,0.015457868576049805,0.007456064224243164,Bwd Packet Length Std;Bwd Packet Length Mean;Avg Bwd Segment Size;PSH Flag Count;Packet Length Variance,fused_tad_score
22033,1,DDoS,0.5703591108322144,10,0.40119099617004395,0.1691681146621704,0.5829284071922303,-0.012569296360015914,0.18173741102218632,Bwd Packet Length Std;Bwd Packet Length Mean;Avg Bwd Segment Size;PSH Flag Count;Packet Length Variance;ACK Flag Count;Max Packet Length;Packet Length Std;Average Packet Size;URG Flag Count,fused_tad_score
22033,1,DDoS,0.5703591108322144,20,0.40842700004577637,0.161932110786438,0.5685597419738769,0.0017993688583374245,0.16013274192810056,Bwd Packet Length Std;Bwd Packet Length Mean;Avg Bwd Segment Size;PSH Flag Count;Packet Length Variance;ACK Flag Count;Max Packet Length;Packet Length Std;Average Packet Size;URG Flag Count;Packet Length Mean;Flow Duration;Fwd IAT Total;SYN Flag Count;Bwd IAT Total;Destination Port;Bwd Packet Length Max;Idle Min;Fwd IAT Mean;Bwd IAT Max,fused_tad_score
22085,1,DDoS,0.45525309443473816,5,0.48074090480804443,-0.025487810373306274,0.467733359336853,-0.012480264902114846,-0.013007545471191428,PSH Flag Count;ACK Flag Count;Bwd Packet Length Std;Bwd Packet Length Mean;Max Packet Length,fused_tad_score
22085,1,DDoS,0.45525309443473816,10,0.4551413655281067,0.00011172890663146973,0.477526581287384,-0.022273486852645852,0.02238521575927732,PSH Flag Count;ACK Flag Count;Bwd Packet Length Std;Bwd Packet Length Mean;Max Packet Length;Average Packet Size;Packet Length Variance;URG Flag Count;Avg Bwd Segment Size;Idle Min,fused_tad_score
22085,1,DDoS,0.45525309443473816,20,0.41670888662338257,0.03854420781135559,0.4837329626083374,-0.028479868173599265,0.06702407598495486,PSH Flag Count;ACK Flag Count;Bwd Packet Length Std;Bwd Packet Length Mean;Max Packet Length;Average Packet Size;Packet Length Variance;URG Flag Count;Avg Bwd Segment Size;Idle Min;SYN Flag Count;Packet Length Std;Packet Length Mean;Bwd IAT Total;Flow Duration;Bwd Packet Length Max;Destination Port;Fwd IAT Total;Fwd IAT Max;Fwd IAT Mean,fused_tad_score
22148,1,DDoS,0.4643285274505615,5,0.514298141002655,-0.049969613552093506,0.4643493413925171,-2.081394195557751e-05,-0.04994879961013793,PSH Flag Count;Bwd Packet Length Std;ACK Flag Count;Bwd Packet Length Mean;Packet Length Variance,fused_tad_score
22148,1,DDoS,0.4643285274505615,10,0.41219455003738403,0.05213397741317749,0.475004118680954,-0.010675591230392467,0.06280956864356996,PSH Flag Count;Bwd Packet Length Std;ACK Flag Count;Bwd Packet Length Mean;Packet Length Variance;Max Packet Length;Avg Bwd Segment Size;Average Packet Size;Packet Length Std;Flow Duration,fused_tad_score
22148,1,DDoS,0.4643285274505615,20,0.40721452236175537,0.05711400508880615,0.5121612548828125,-0.04783272743225098,0.10494673252105713,PSH Flag Count;Bwd Packet Length Std;ACK Flag Count;Bwd Packet Length Mean;Packet Length Variance;Max Packet Length;Avg Bwd Segment Size;Average Packet Size;Packet Length Std;Flow Duration;URG Flag Count;Fwd IAT Total;SYN Flag Count;Bwd IAT Total;Packet Length Mean;Destination Port;Idle Min;Bwd Packet Length Max;Fwd IAT Mean;Bwd IAT Max,fused_tad_score
23186,1,DDoS,0.5260782241821289,5,0.6287243366241455,-0.1026461124420166,0.30640323758125304,0.21967498660087587,-0.32232109904289247,Bwd Packet Length Std;Fwd IAT Max;Idle Max;Bwd Packet Length Mean;Fwd IAT Std,fused_tad_score
23186,1,DDoS,0.5260782241821289,10,0.7367798089981079,-0.210701584815979,0.2812902629375458,0.24478796124458313,-0.45548954606056213,Bwd Packet Length Std;Fwd IAT Max;Idle Max;Bwd Packet Length Mean;Fwd IAT Std;Idle Mean;PSH Flag Count;Flow IAT Max;Packet Length Variance;Avg Bwd Segment Size,fused_tad_score
23186,1,DDoS,0.5260782241821289,20,0.4533134698867798,0.07276475429534912,0.36556962728500364,0.16050859689712527,-0.08774384260177615,Bwd Packet Length Std;Fwd IAT Max;Idle Max;Bwd Packet Length Mean;Fwd IAT Std;Idle Mean;PSH Flag Count;Flow IAT Max;Packet Length Variance;Avg Bwd Segment Size;ACK Flag Count;Fwd IAT Total;Flow IAT Std;Max Packet Length;URG Flag Count;Flow Duration;Idle Min;Packet Length Std;Average Packet Size;Packet Length Mean,fused_tad_score
23909,1,DDoS,0.49841660261154175,5,0.5349379181861877,-0.036521315574645996,0.528194373846054,-0.029777771234512307,-0.006743544340133689,Bwd Packet Length Std;PSH Flag Count;ACK Flag Count;Bwd Packet Length Mean;Packet Length Variance,fused_tad_score
23909,1,DDoS,0.49841660261154175,10,0.4164472222328186,0.08196938037872314,0.5211187958717346,-0.02270219326019285,0.104671573638916,Bwd Packet Length Std;PSH Flag Count;ACK Flag Count;Bwd Packet Length Mean;Packet Length Variance;Max Packet Length;Average Packet Size;Avg Bwd Segment Size;URG Flag Count;Packet Length Std,fused_tad_score
23909,1,DDoS,0.49841660261154175,20,0.4158092141151428,0.08260738849639893,0.5155731797218323,-0.017156577110290505,0.09976396560668943,Bwd Packet Length Std;PSH Flag Count;ACK Flag Count;Bwd Packet Length Mean;Packet Length Variance;Max Packet Length;Average Packet Size;Avg Bwd Segment Size;URG Flag Count;Packet Length Std;Idle Min;SYN Flag Count;Packet Length Mean;Bwd IAT Total;Destination Port;Bwd Packet Length Max;Fwd IAT Total;Flow Duration;Fwd IAT Max;Flow IAT Mean,fused_tad_score
24184,1,DDoS,0.43450748920440674,5,0.5060901641845703,-0.07158267498016357,0.3023187339305878,0.13218875527381896,-0.20377143025398253,SYN Flag Count;ACK Flag Count;PSH Flag Count;Fwd PSH Flags;Destination Port,fused_tad_score
24184,1,DDoS,0.43450748920440674,10,0.5190874338150024,-0.0845799446105957,0.3296071797609329,0.10490030944347384,-0.18948025405406954,SYN Flag Count;ACK Flag Count;PSH Flag Count;Fwd PSH Flags;Destination Port;Flow Duration;Bwd Packet Length Std;URG Flag Count;Bwd IAT Total;Bwd Packet Length Mean,fused_tad_score
24184,1,DDoS,0.43450748920440674,20,0.4327473044395447,0.0017601847648620605,0.440037339925766,-0.005529850721359253,0.0072900354862213135,SYN Flag Count;ACK Flag Count;PSH Flag Count;Fwd PSH Flags;Destination Port;Flow Duration;Bwd Packet Length Std;URG Flag Count;Bwd IAT Total;Bwd Packet Length Mean;FIN Flag Count;Fwd IAT Total;Max Packet Length;Avg Bwd Segment Size;Packet Length Variance;Average Packet Size;Idle Min;Packet Length Std;Packet Length Mean;Fwd IAT Mean,fused_tad_score
31531,1,PortScan,0.5358978509902954,5,0.42194855213165283,0.11394929885864258,0.5280835151672363,0.007814335823059126,0.10613496303558345,PSH Flag Count;Flow Duration;Destination Port;Bwd IAT Total;Init_Win_bytes_forward,fused_tad_score
31531,1,PortScan,0.5358978509902954,10,0.437961220741272,0.09793663024902344,0.4995401859283447,0.036357665061950706,0.06157896518707273,PSH Flag Count;Flow Duration;Destination Port;Bwd IAT Total;Init_Win_bytes_forward;Idle Min;Flow IAT Max;Packet Length Std;ACK Flag Count;Avg Bwd Segment Size,fused_tad_score
31531,1,PortScan,0.5358978509902954,20,0.42005932331085205,0.11583852767944336,0.47535685896873475,0.06054099202156066,0.0552975356578827,PSH Flag Count;Flow Duration;Destination Port;Bwd IAT Total;Init_Win_bytes_forward;Idle Min;Flow IAT Max;Packet Length Std;ACK Flag Count;Avg Bwd Segment Size;SYN Flag Count;Bwd IAT Max;Fwd IAT Mean;URG Flag Count;Idle Mean;Idle Max;Fwd IAT Min;Bwd Packet Length Max;Fwd IAT Total;Avg Fwd Segment Size,fused_tad_score
31579,1,PortScan,0.5292909145355225,5,0.4220774173736572,0.10721349716186523,0.5290874242782593,0.0002034902572631836,0.10701000690460205,PSH Flag Count;Flow Duration;Destination Port;Bwd IAT Total;Init_Win_bytes_forward,fused_tad_score
31579,1,PortScan,0.5292909145355225,10,0.4379478394985199,0.09134307503700256,0.5307173252105712,-0.0014264106750487837,0.09276948571205135,PSH Flag Count;Flow Duration;Destination Port;Bwd IAT Total;Init_Win_bytes_forward;Idle Min;Flow IAT Max;Packet Length Std;Avg Bwd Segment Size;ACK Flag Count,fused_tad_score
31579,1,PortScan,0.5292909145355225,20,0.41531485319137573,0.11397606134414673,0.5141881585121155,0.015102756023406938,0.09887330532073979,PSH Flag Count;Flow Duration;Destination Port;Bwd IAT Total;Init_Win_bytes_forward;Idle Min;Flow IAT Max;Packet Length Std;Avg Bwd Segment Size;ACK Flag Count;SYN Flag Count;Bwd IAT Max;Idle Mean;Fwd IAT Mean;URG Flag Count;Idle Max;Fwd IAT Max;Avg Fwd Segment Size;Fwd IAT Total;Bwd Packet Length Max,fused_tad_score
31650,1,PortScan,0.5265535116195679,5,0.4203699827194214,0.10618352890014648,0.5289934873580933,-0.0024399757385253906,0.10862350463867188,PSH Flag Count;Flow Duration;Destination Port;Bwd IAT Total;Init_Win_bytes_forward,fused_tad_score
31650,1,PortScan,0.5265535116195679,10,0.4369952082633972,0.08955830335617065,0.48582669496536257,0.0407268166542053,0.048831486701965354,PSH Flag Count;Flow Duration;Destination Port;Bwd IAT Total;Init_Win_bytes_forward;Idle Min;Flow IAT Max;Packet Length Std;ACK Flag Count;Avg Bwd Segment Size,fused_tad_score
31650,1,PortScan,0.5265535116195679,20,0.41805505752563477,0.1084984540939331,0.5148299932479858,0.011723518371582031,0.09677493572235107,PSH Flag Count;Flow Duration;Destination Port;Bwd IAT Total;Init_Win_bytes_forward;Idle Min;Flow IAT Max;Packet Length Std;ACK Flag Count;Avg Bwd Segment Size;SYN Flag Count;Bwd IAT Max;URG Flag Count;Idle Mean;Fwd IAT Mean;Idle Max;Fwd IAT Max;Avg Fwd Segment Size;Fwd IAT Min;Bwd Packet Length Max,fused_tad_score
31656,1,PortScan,0.5282453894615173,5,0.4214242696762085,0.10682111978530884,0.49942554235458375,0.028819847106933583,0.07800127267837526,PSH Flag Count;Flow Duration;Destination Port;Bwd IAT Total;Init_Win_bytes_forward,fused_tad_score
31656,1,PortScan,0.5282453894615173,10,0.42250582575798035,0.10573956370353699,0.5096011519432068,0.01864423751831057,0.08709532618522642,PSH Flag Count;Flow Duration;Destination Port;Bwd IAT Total;Init_Win_bytes_forward;Idle Min;Flow IAT Max;Packet Length Std;Avg Bwd Segment Size;SYN Flag Count,fused_tad_score
31656,1,PortScan,0.5282453894615173,20,0.417974591255188,0.11027079820632935,0.47539482116699217,0.05285056829452517,0.05742022991180418,PSH Flag Count;Flow Duration;Destination Port;Bwd IAT Total;Init_Win_bytes_forward;Idle Min;Flow IAT Max;Packet Length Std;Avg Bwd Segment Size;SYN Flag Count;Bwd IAT Max;ACK Flag Count;Idle Mean;URG Flag Count;Fwd IAT Mean;Idle Max;Fwd IAT Max;Avg Fwd Segment Size;Fwd IAT Min;Bwd Packet Length Max,fused_tad_score
31955,1,PortScan,0.532896101474762,5,0.42095887660980225,0.11193722486495972,0.530121099948883,0.0027750015258789507,0.10916222333908077,PSH Flag Count;Flow Duration;Destination Port;Bwd IAT Total;Init_Win_bytes_forward,fused_tad_score
31955,1,PortScan,0.532896101474762,10,0.4380813241004944,0.09481477737426758,0.509019523859024,0.023876577615737915,0.07093819975852966,PSH Flag Count;Flow Duration;Destination Port;Bwd IAT Total;Init_Win_bytes_forward;Idle Min;Flow IAT Max;ACK Flag Count;Packet Length Std;SYN Flag Count,fused_tad_score
31955,1,PortScan,0.532896101474762,20,0.4215767979621887,0.11131930351257324,0.5115963459014893,0.021299755573272683,0.09001954793930056,PSH Flag Count;Flow Duration;Destination Port;Bwd IAT Total;Init_Win_bytes_forward;Idle Min;Flow IAT Max;ACK Flag Count;Packet Length Std;SYN Flag Count;Avg Bwd Segment Size;Bwd IAT Max;Fwd IAT Mean;URG Flag Count;Idle Mean;FIN Flag Count;Idle Max;Fwd IAT Total;Bwd Packet Length Max;Fwd IAT Min,fused_tad_score
32507,1,PortScan,0.5286087989807129,5,0.4214160442352295,0.1071927547454834,0.5251128911972046,0.0034959077835082786,0.10369684696197512,PSH Flag Count;Flow Duration;Destination Port;Bwd IAT Total;Init_Win_bytes_forward,fused_tad_score
32507,1,PortScan,0.5286087989807129,10,0.42245036363601685,0.10615843534469604,0.49749094247817993,0.03111785650253296,0.07504057884216309,PSH Flag Count;Flow Duration;Destination Port;Bwd IAT Total;Init_Win_bytes_forward;Idle Min;Flow IAT Max;Packet Length Std;Avg Bwd Segment Size;SYN Flag Count,fused_tad_score
32507,1,PortScan,0.5286087989807129,20,0.415388286113739,0.11322051286697388,0.47920228242874147,0.049406516551971424,0.06381399631500245,PSH Flag Count;Flow Duration;Destination Port;Bwd IAT Total;Init_Win_bytes_forward;Idle Min;Flow IAT Max;Packet Length Std;Avg Bwd Segment Size;SYN Flag Count;ACK Flag Count;Bwd IAT Max;Idle Mean;URG Flag Count;Fwd IAT Mean;Idle Max;Fwd IAT Max;Fwd IAT Total;Avg Fwd Segment Size;Fwd IAT Min,fused_tad_score
32536,1,PortScan,0.5273899435997009,5,0.42095375061035156,0.10643619298934937,0.5309902906417847,-0.0036003470420837846,0.11003654003143315,PSH Flag Count;Flow Duration;Destination Port;Bwd IAT Total;Init_Win_bytes_forward,fused_tad_score
32536,1,PortScan,0.5273899435997009,10,0.4362121820449829,0.09117776155471802,0.5216733336448669,0.005716609954834029,0.08546115159988399,PSH Flag Count;Flow Duration;Destination Port;Bwd IAT Total;Init_Win_bytes_forward;Idle Min;Flow IAT Max;Packet Length Std;ACK Flag Count;Avg Bwd Segment Size,fused_tad_score
32536,1,PortScan,0.5273899435997009,20,0.41640082001686096,0.11098912358283997,0.49254759550094607,0.03484234809875486,0.0761467754840851,PSH Flag Count;Flow Duration;Destination Port;Bwd IAT Total;Init_Win_bytes_forward;Idle Min;Flow IAT Max;Packet Length Std;ACK Flag Count;Avg Bwd Segment Size;SYN Flag Count;Bwd IAT Max;URG Flag Count;Fwd IAT Mean;Idle Mean;FIN Flag Count;Idle Max;Fwd IAT Max;Avg Fwd Segment Size;Bwd Packet Length Max,fused_tad_score
32762,1,PortScan,0.5288878679275513,5,0.4207800626754761,0.1081078052520752,0.5351298570632934,-0.006241989135742143,0.11434979438781734,PSH Flag Count;Flow Duration;Destination Port;Bwd IAT Total;Init_Win_bytes_forward,fused_tad_score
32762,1,PortScan,0.5288878679275513,10,0.43812477588653564,0.09076309204101562,0.49617748260498046,0.03271038532257081,0.05805270671844481,PSH Flag Count;Flow Duration;Destination Port;Bwd IAT Total;Init_Win_bytes_forward;Idle Min;Flow IAT Max;Packet Length Std;ACK Flag Count;SYN Flag Count,fused_tad_score
32762,1,PortScan,0.5288878679275513,20,0.4167892634868622,0.11209860444068909,0.491760116815567,0.03712775111198424,0.07497085332870485,PSH Flag Count;Flow Duration;Destination Port;Bwd IAT Total;Init_Win_bytes_forward;Idle Min;Flow IAT Max;Packet Length Std;ACK Flag Count;SYN Flag Count;Avg Bwd Segment Size;Bwd IAT Max;Fwd IAT Mean;URG Flag Count;Idle Mean;Idle Max;FIN Flag Count;Fwd IAT Total;Fwd IAT Max;Fwd IAT Min,fused_tad_score
32993,1,PortScan,0.5212586522102356,5,0.41957658529281616,0.10168206691741943,0.5210004687309265,0.0002581834793090598,0.10142388343811037,PSH Flag Count;Flow Duration;Destination Port;Bwd IAT Total;Init_Win_bytes_forward,fused_tad_score
32993,1,PortScan,0.5212586522102356,10,0.43752849102020264,0.08373016119003296,0.5339417695999146,-0.012683117389678977,0.09641327857971194,PSH Flag Count;Flow Duration;Destination Port;Bwd IAT Total;Init_Win_bytes_forward;Idle Min;Flow IAT Max;ACK Flag Count;Packet Length Std;Avg Bwd Segment Size,fused_tad_score
32993,1,PortScan,0.5212586522102356,20,0.41604048013687134,0.10521817207336426,0.48930259943008425,0.031956052780151345,0.07326211929321291,PSH Flag Count;Flow Duration;Destination Port;Bwd IAT Total;Init_Win_bytes_forward;Idle Min;Flow IAT Max;ACK Flag Count;Packet Length Std;Avg Bwd Segment Size;SYN Flag Count;Bwd IAT Max;Idle Mean;URG Flag Count;Fwd IAT Mean;Idle Max;Fwd IAT Max;Fwd IAT Total;Avg Fwd Segment Size;Fwd IAT Min,fused_tad_score
33339,1,PortScan,0.5297663807868958,5,0.42125195264816284,0.10851442813873291,0.5317075729370118,-0.0019411921501160112,0.11045562028884892,PSH Flag Count;Flow Duration;Destination Port;Bwd IAT Total;Init_Win_bytes_forward,fused_tad_score
33339,1,PortScan,0.5297663807868958,10,0.42237380146980286,0.1073925793170929,0.4173505544662476,0.11241582632064817,-0.005023247003555276,PSH Flag Count;Flow Duration;Destination Port;Bwd IAT Total;Init_Win_bytes_forward;Idle Min;Flow IAT Max;Packet Length Std;Avg Bwd Segment Size;SYN Flag Count,fused_tad_score
33339,1,PortScan,0.5297663807868958,20,0.41568344831466675,0.114082932472229,0.5070715844631195,0.022694796323776245,0.09138813614845276,PSH Flag Count;Flow Duration;Destination Port;Bwd IAT Total;Init_Win_bytes_forward;Idle Min;Flow IAT Max;Packet Length Std;Avg Bwd Segment Size;SYN Flag Count;Bwd IAT Max;ACK Flag Count;Idle Mean;URG Flag Count;Fwd IAT Mean;Idle Max;Fwd IAT Max;Fwd IAT Total;Avg Fwd Segment Size;Fwd IAT Min,fused_tad_score
33374,1,PortScan,0.5313732028007507,5,0.42079776525497437,0.11057543754577637,0.524884557723999,0.006488645076751731,0.10408679246902464,PSH Flag Count;Flow Duration;Destination Port;Bwd IAT Total;Init_Win_bytes_forward,fused_tad_score
33374,1,PortScan,0.5313732028007507,10,0.43784403800964355,0.09352916479110718,0.5330894470214844,-0.001716244220733687,0.09524540901184086,PSH Flag Count;Flow Duration;Destination Port;Bwd IAT Total;Init_Win_bytes_forward;Idle Min;Flow IAT Max;Packet Length Std;ACK Flag Count;SYN Flag Count,fused_tad_score
33374,1,PortScan,0.5313732028007507,20,0.4208969473838806,0.11047625541687012,0.5174998641014099,0.01387333869934082,0.0966029167175293,PSH Flag Count;Flow Duration;Destination Port;Bwd IAT Total;Init_Win_bytes_forward;Idle Min;Flow IAT Max;Packet Length Std;ACK Flag Count;SYN Flag Count;Avg Bwd Segment Size;Bwd IAT Max;Fwd IAT Mean;URG Flag Count;Idle Mean;Fwd IAT Total;FIN Flag Count;Idle Max;Flow Packets/s;Fwd IAT Min,fused_tad_score
33504,1,PortScan,0.522567868232727,5,0.42109864950180054,0.10146921873092651,0.5245605826377868,-0.00199271440505977,0.10346193313598628,PSH Flag Count;Flow Duration;Destination Port;Bwd IAT Total;Init_Win_bytes_forward,fused_tad_score
33504,1,PortScan,0.522567868232727,10,0.43731147050857544,0.08525639772415161,0.5145097494125366,0.008058118820190474,0.07719827890396114,PSH Flag Count;Flow Duration;Destination Port;Bwd IAT Total;Init_Win_bytes_forward;Idle Min;Flow IAT Max;Packet Length Std;ACK Flag Count;Avg Bwd Segment Size,fused_tad_score
33504,1,PortScan,0.522567868232727,20,0.41820061206817627,0.10436725616455078,0.46022934317588804,0.06233852505683901,0.04202873110771177,PSH Flag Count;Flow Duration;Destination Port;Bwd IAT Total;Init_Win_bytes_forward;Idle Min;Flow IAT Max;Packet Length Std;ACK Flag Count;Avg Bwd Segment Size;SYN Flag Count;Bwd IAT Max;URG Flag Count;Idle Mean;Fwd IAT Mean;Idle Max;Fwd IAT Max;Avg Fwd Segment Size;Fwd IAT Min;Bwd Packet Length Max,fused_tad_score
34874,1,PortScan,0.5241677761077881,5,0.4178706407546997,0.10629713535308838,0.524978768825531,-0.0008109927177428755,0.10710812807083125,PSH Flag Count;Flow Duration;Destination Port;Bwd IAT Total;Init_Win_bytes_forward,fused_tad_score
34874,1,PortScan,0.5241677761077881,10,0.4396899342536926,0.08447784185409546,0.522118228673935,0.002049547433853105,0.08242829442024235,PSH Flag Count;Flow Duration;Destination Port;Bwd IAT Total;Init_Win_bytes_forward;Idle Min;ACK Flag Count;SYN Flag Count;Flow IAT Max;Packet Length Std,fused_tad_score
34874,1,PortScan,0.5241677761077881,20,0.42312681674957275,0.10104095935821533,0.5146625518798829,0.009505224227905229,0.0915357351303101,PSH Flag Count;Flow Duration;Destination Port;Bwd IAT Total;Init_Win_bytes_forward;Idle Min;ACK Flag Count;SYN Flag Count;Flow IAT Max;Packet Length Std;URG Flag Count;Avg Bwd Segment Size;Bwd IAT Max;Fwd IAT Mean;Fwd IAT Total;Idle Mean;Idle Max;Fwd PSH Flags;FIN Flag Count;Bwd Packet Length Max,fused_tad_score
35082,1,PortScan,0.5329487919807434,5,0.4230573773384094,0.10989141464233398,0.502606737613678,0.030342054367065385,0.0795493602752686,PSH Flag Count;Flow Duration;Destination Port;Bwd IAT Total;Init_Win_bytes_forward,fused_tad_score
35082,1,PortScan,0.5329487919807434,10,0.44441166520118713,0.08853712677955627,0.47128714323043824,0.061661648750305165,0.02687547802925111,PSH Flag Count;Flow Duration;Destination Port;Bwd IAT Total;Init_Win_bytes_forward;Idle Min;Flow IAT Max;Packet Length Std;ACK Flag Count;Flow Packets/s,fused_tad_score
35082,1,PortScan,0.5329487919807434,20,0.4215286672115326,0.11142012476921082,0.5353301882743835,-0.0023813962936400923,0.11380152106285091,PSH Flag Count;Flow Duration;Destination Port;Bwd IAT Total;Init_Win_bytes_forward;Idle Min;Flow IAT Max;Packet Length Std;ACK Flag Count;Flow Packets/s;Avg Bwd Segment Size;SYN Flag Count;Bwd IAT Max;Fwd IAT Mean;Idle Mean;URG Flag Count;Fwd Packets/s;Fwd IAT Total;Idle Max;Fwd IAT Min,fused_tad_score
35317,1,PortScan,0.4611973166465759,5,0.41788601875305176,0.04331129789352417,0.24115226566791534,0.2200450509786606,-0.17673375308513642,PSH Flag Count;SYN Flag Count;Fwd PSH Flags;ACK Flag Count;Flow Duration,fused_tad_score
35317,1,PortScan,0.4611973166465759,10,0.43403497338294983,0.0271623432636261,0.2635971873998642,0.19760012924671172,-0.17043778598308562,PSH Flag Count;SYN Flag Count;Fwd PSH Flags;ACK Flag Count;Flow Duration;Bwd IAT Total;Destination Port;Init_Win_bytes_forward;Fwd IAT Total;Idle Min,fused_tad_score
35317,1,PortScan,0.4611973166465759,20,0.42301392555236816,0.038183391094207764,0.3754465878009796,0.08575072884559631,-0.04756733775138855,PSH Flag Count;SYN Flag Count;Fwd PSH Flags;ACK Flag Count;Flow Duration;Bwd IAT Total;Destination Port;Init_Win_bytes_forward;Fwd IAT Total;Idle Min;URG Flag Count;Fwd Packets/s;Flow IAT Max;Fwd IAT Mean;Avg Bwd Segment Size;Fwd IAT Max;Idle Max;Bwd IAT Max;Flow Packets/s;Idle Mean,fused_tad_score
35791,1,PortScan,0.4893006980419159,5,0.4220617413520813,0.0672389566898346,0.4899910807609558,-0.0006903827190399281,0.06792933940887452,PSH Flag Count;Flow Duration;Bwd IAT Total;Init_Win_bytes_forward;Destination Port,fused_tad_score
35791,1,PortScan,0.4893006980419159,10,0.4410291910171509,0.048271507024765015,0.49266214966773986,-0.0033614516258239635,0.05163295865058898,PSH Flag Count;Flow Duration;Bwd IAT Total;Init_Win_bytes_forward;Destination Port;ACK Flag Count;Idle Min;Flow IAT Max;Avg Bwd Segment Size;Fwd IAT Mean,fused_tad_score
35791,1,PortScan,0.4893006980419159,20,0.42436695098876953,0.06493374705314636,0.4794366002082825,0.0098640978336334,0.05506964921951296,PSH Flag Count;Flow Duration;Bwd IAT Total;Init_Win_bytes_forward;Destination Port;ACK Flag Count;Idle Min;Flow IAT Max;Avg Bwd Segment Size;Fwd IAT Mean;Idle Max;Fwd IAT Max;Packet Length Std;Bwd IAT Max;Fwd IAT Total;Idle Mean;Fwd IAT Min;SYN Flag Count;Init_Win_bytes_backward;Avg Fwd Segment Size,fused_tad_score
35889,1,PortScan,0.4957351088523865,5,0.42374539375305176,0.07198971509933472,0.4733452618122101,0.02238984704017638,0.049599868059158336,PSH Flag Count;Flow Duration;Destination Port;Init_Win_bytes_forward;Bwd IAT Total,fused_tad_score
35889,1,PortScan,0.4957351088523865,10,0.44300201535224915,0.05273309350013733,0.48730984330177307,0.008425265550613403,0.044307827949523926,PSH Flag Count;Flow Duration;Destination Port;Init_Win_bytes_forward;Bwd IAT Total;ACK Flag Count;Idle Min;Flow IAT Max;Avg Bwd Segment Size;Fwd IAT Mean,fused_tad_score
35889,1,PortScan,0.4957351088523865,20,0.4227113723754883,0.0730237364768982,0.5085196495056152,-0.01278454065322876,0.08580827713012695,PSH Flag Count;Flow Duration;Destination Port;Init_Win_bytes_forward;Bwd IAT Total;ACK Flag Count;Idle Min;Flow IAT Max;Avg Bwd Segment Size;Fwd IAT Mean;Idle Max;Packet Length Std;Fwd IAT Max;Bwd IAT Max;SYN Flag Count;Fwd IAT Total;Idle Mean;Fwd IAT Min;Init_Win_bytes_backward;Bwd Packet Length Mean,fused_tad_score
36112,1,PortScan,0.4924662709236145,5,0.4229714870452881,0.06949478387832642,0.49223023653030396,0.00023603439331054688,0.06925874948501587,PSH Flag Count;Flow Duration;Init_Win_bytes_forward;Bwd IAT Total;Destination Port,fused_tad_score
36112,1,PortScan,0.4924662709236145,10,0.4422553479671478,0.050210922956466675,0.4904939651489258,0.0019723057746887096,0.048238617181777965,PSH Flag Count;Flow Duration;Init_Win_bytes_forward;Bwd IAT Total;Destination Port;ACK Flag Count;Idle Min;Flow IAT Max;Avg Bwd Segment Size;Fwd IAT Mean,fused_tad_score
36112,1,PortScan,0.4924662709236145,20,0.42114508152008057,0.07132118940353394,0.4832970440387726,0.009169226884841897,0.06215196251869204,PSH Flag Count;Flow Duration;Init_Win_bytes_forward;Bwd IAT Total;Destination Port;ACK Flag Count;Idle Min;Flow IAT Max;Avg Bwd Segment Size;Fwd IAT Mean;Idle Max;Packet Length Std;Fwd IAT Max;Bwd IAT Max;SYN Flag Count;Idle Mean;Fwd IAT Total;Fwd IAT Min;Init_Win_bytes_backward;Bwd Packet Length Mean,fused_tad_score
36193,1,PortScan,0.4852442741394043,5,0.42165273427963257,0.06359153985977173,0.44976346492767333,0.03548080921173097,0.02811073064804076,PSH Flag Count;Flow Duration;Init_Win_bytes_forward;Bwd IAT Total;Destination Port,fused_tad_score
36193,1,PortScan,0.4852442741394043,10,0.43945467472076416,0.04578959941864014,0.47662618160247805,0.008618092536926247,0.03717150688171389,PSH Flag Count;Flow Duration;Init_Win_bytes_forward;Bwd IAT Total;Destination Port;ACK Flag Count;Idle Min;Flow IAT Max;Avg Bwd Segment Size;Fwd IAT Mean,fused_tad_score
36193,1,PortScan,0.4852442741394043,20,0.4268913269042969,0.05835294723510742,0.48415166735649107,0.0010926067829132302,0.05726034045219419,PSH Flag Count;Flow Duration;Init_Win_bytes_forward;Bwd IAT Total;Destination Port;ACK Flag Count;Idle Min;Flow IAT Max;Avg Bwd Segment Size;Fwd IAT Mean;Idle Max;FIN Flag Count;Fwd IAT Max;Packet Length Std;Bwd IAT Max;Fwd IAT Total;SYN Flag Count;Idle Mean;Fwd IAT Min;Init_Win_bytes_backward,fused_tad_score
36500,1,PortScan,0.4907379746437073,5,0.4225575029850006,0.06818047165870667,0.4958511710166931,-0.005113196372985851,0.07329366803169252,PSH Flag Count;Flow Duration;Bwd IAT Total;Init_Win_bytes_forward;Destination Port,fused_tad_score
36500,1,PortScan,0.4907379746437073,10,0.4413968324661255,0.04934114217758179,0.48637400269508363,0.004363971948623646,0.04497717022895814,PSH Flag Count;Flow Duration;Bwd IAT Total;Init_Win_bytes_forward;Destination Port;ACK Flag Count;Idle Min;Flow IAT Max;Avg Bwd Segment Size;Idle Max,fused_tad_score
36500,1,PortScan,0.4907379746437073,20,0.4197291433811188,0.0710088312625885,0.45139243006706237,0.03934554457664491,0.03166328668594359,PSH Flag Count;Flow Duration;Bwd IAT Total;Init_Win_bytes_forward;Destination Port;ACK Flag Count;Idle Min;Flow IAT Max;Avg Bwd Segment Size;Idle Max;Fwd IAT Mean;Fwd IAT Max;Packet Length Std;Bwd IAT Max;Idle Mean;Fwd IAT Total;Fwd IAT Min;SYN Flag Count;Init_Win_bytes_backward;Bwd Packet Length Mean,fused_tad_score
36823,1,PortScan,0.4923245906829834,5,0.4226078987121582,0.0697166919708252,0.4766948103904724,0.015629780292510997,0.0540869116783142,PSH Flag Count;Flow Duration;Bwd IAT Total;Init_Win_bytes_forward;Destination Port,fused_tad_score
36823,1,PortScan,0.4923245906829834,10,0.4414364993572235,0.05088809132575989,0.4726240932941437,0.01970049738883972,0.031187593936920166,PSH Flag Count;Flow Duration;Bwd IAT Total;Init_Win_bytes_forward;Destination Port;ACK Flag Count;Idle Min;Flow IAT Max;Avg Bwd Segment Size;Idle Max,fused_tad_score
36823,1,PortScan,0.4923245906829834,20,0.4248031973838806,0.06752139329910278,0.4440122902393341,0.048312300443649314,0.01920909285545347,PSH Flag Count;Flow Duration;Bwd IAT Total;Init_Win_bytes_forward;Destination Port;ACK Flag Count;Idle Min;Flow IAT Max;Avg Bwd Segment Size;Idle Max;Fwd IAT Mean;Fwd IAT Max;Packet Length Std;Bwd IAT Max;Idle Mean;Fwd IAT Total;Fwd IAT Min;SYN Flag Count;Init_Win_bytes_backward;Avg Fwd Segment Size,fused_tad_score
36992,1,PortScan,0.47958409786224365,5,0.21089842915534973,0.2686856687068939,0.24773767292499543,0.23184642493724822,0.0368392437696457,PSH Flag Count;Flow Duration;Fwd IAT Max;Bwd IAT Min;Bwd IAT Total,fused_tad_score
36992,1,PortScan,0.47958409786224365,10,0.4408442974090576,0.038739800453186035,0.2567541003227234,0.22282999753952026,-0.18409019708633423,PSH Flag Count;Flow Duration;Fwd IAT Max;Bwd IAT Min;Bwd IAT Total;Idle Mean;Fwd IAT Total;Bwd IAT Mean;Fwd IAT Min;Flow IAT Std,fused_tad_score
36992,1,PortScan,0.47958409786224365,20,0.4342123866081238,0.04537171125411987,0.39100275933742523,0.08858133852481842,-0.04320962727069855,PSH Flag Count;Flow Duration;Fwd IAT Max;Bwd IAT Min;Bwd IAT Total;Idle Mean;Fwd IAT Total;Bwd IAT Mean;Fwd IAT Min;Flow IAT Std;Bwd IAT Max;Init_Win_bytes_forward;Flow IAT Max;Idle Min;Fwd IAT Mean;ACK Flag Count;Idle Max;Destination Port;URG Flag Count;Flow IAT Mean,fused_tad_score
37019,1,PortScan,0.48922115564346313,5,0.4220682382583618,0.06715291738510132,0.49016307592391967,-0.0009419202804565319,0.06809483766555785,PSH Flag Count;Flow Duration;Init_Win_bytes_forward;Bwd IAT Total;Destination Port,fused_tad_score
37019,1,PortScan,0.48922115564346313,10,0.44061779975891113,0.048603355884552,0.505675733089447,-0.016454577445983887,0.06505793333053589,PSH Flag Count;Flow Duration;Init_Win_bytes_forward;Bwd IAT Total;Destination Port;ACK Flag Count;Idle Min;Flow IAT Max;Avg Bwd Segment Size;Fwd IAT Mean,fused_tad_score
37019,1,PortScan,0.48922115564346313,20,0.42001062631607056,0.06921052932739258,0.48826333284378054,0.000957822799682595,0.06825270652770998,PSH Flag Count;Flow Duration;Init_Win_bytes_forward;Bwd IAT Total;Destination Port;ACK Flag Count;Idle Min;Flow IAT Max;Avg Bwd Segment Size;Fwd IAT Mean;Idle Max;Packet Length Std;Fwd IAT Max;Fwd IAT Total;Bwd IAT Max;SYN Flag Count;Idle Mean;Fwd IAT Min;Init_Win_bytes_backward;Bwd Packet Length Mean,fused_tad_score
37240,1,PortScan,0.492023229598999,5,0.4227767288684845,0.06924650073051453,0.4922586679458618,-0.00023543834686279297,0.06948193907737732,PSH Flag Count;Flow Duration;Bwd IAT Total;Init_Win_bytes_forward;Destination Port,fused_tad_score
37240,1,PortScan,0.492023229598999,10,0.44145137071609497,0.05057185888290405,0.5021417438983917,-0.0101185142993927,0.06069037318229675,PSH Flag Count;Flow Duration;Bwd IAT Total;Init_Win_bytes_forward;Destination Port;ACK Flag Count;Idle Min;Flow IAT Max;Avg Bwd Segment Size;Idle Max,fused_tad_score
37240,1,PortScan,0.492023229598999,20,0.420027494430542,0.07199573516845703,0.4873353600502014,0.00468786954879763,0.0673078656196594,PSH Flag Count;Flow Duration;Bwd IAT Total;Init_Win_bytes_forward;Destination Port;ACK Flag Count;Idle Min;Flow IAT Max;Avg Bwd Segment Size;Idle Max;Fwd IAT Mean;Fwd IAT Max;Packet Length Std;Bwd IAT Max;Idle Mean;SYN Flag Count;Fwd IAT Min;Init_Win_bytes_backward;Fwd IAT Total;Bwd Packet Length Mean,fused_tad_score
37273,1,PortScan,0.49323415756225586,5,0.4232145845890045,0.07001957297325134,0.49168838262557985,0.0015457749366760143,0.06847379803657533,PSH Flag Count;Flow Duration;Bwd IAT Total;Init_Win_bytes_forward;Destination Port,fused_tad_score
37273,1,PortScan,0.49323415756225586,10,0.44219040870666504,0.05104374885559082,0.5101951956748962,-0.01696103811264038,0.0680047869682312,PSH Flag Count;Flow Duration;Bwd IAT Total;Init_Win_bytes_forward;Destination Port;ACK Flag Count;Idle Min;Flow IAT Max;Avg Bwd Segment Size;Idle Max,fused_tad_score
37273,1,PortScan,0.49323415756225586,20,0.4212731719017029,0.07196098566055298,0.4722649395465851,0.020969218015670754,0.050991767644882224,PSH Flag Count;Flow Duration;Bwd IAT Total;Init_Win_bytes_forward;Destination Port;ACK Flag Count;Idle Min;Flow IAT Max;Avg Bwd Segment Size;Idle Max;Fwd IAT Mean;Fwd IAT Max;Packet Length Std;Bwd IAT Max;Fwd IAT Total;Idle Mean;Fwd IAT Min;SYN Flag Count;Init_Win_bytes_backward;Bwd Packet Length Mean,fused_tad_score
37279,1,PortScan,0.495547890663147,5,0.4224117398262024,0.07313615083694458,0.5012847483158112,-0.005736857652664185,0.07887300848960876,PSH Flag Count;Flow Duration;Destination Port;Init_Win_bytes_forward;Bwd IAT Total,fused_tad_score
37279,1,PortScan,0.495547890663147,10,0.44151216745376587,0.054035723209381104,0.5023518383502961,-0.006803947687149092,0.060839670896530196,PSH Flag Count;Flow Duration;Destination Port;Init_Win_bytes_forward;Bwd IAT Total;ACK Flag Count;Idle Min;Flow IAT Max;Avg Bwd Segment Size;Fwd IAT Mean,fused_tad_score
37279,1,PortScan,0.495547890663147,20,0.42437607049942017,0.0711718201637268,0.48067528009414673,0.014872610569000244,0.05629920959472656,PSH Flag Count;Flow Duration;Destination Port;Init_Win_bytes_forward;Bwd IAT Total;ACK Flag Count;Idle Min;Flow IAT Max;Avg Bwd Segment Size;Fwd IAT Mean;Idle Max;Packet Length Std;Fwd IAT Max;Bwd IAT Max;SYN Flag Count;Idle Mean;Fwd IAT Total;Fwd IAT Min;Init_Win_bytes_backward;Avg Fwd Segment Size,fused_tad_score
37491,1,PortScan,0.4916776418685913,5,0.4218064546585083,0.06987118721008301,0.4877224385738373,0.003955203294754017,0.06591598391532899,PSH Flag Count;Flow Duration;Destination Port;Init_Win_bytes_forward;Bwd IAT Total,fused_tad_score
37491,1,PortScan,0.4916776418685913,10,0.44023674726486206,0.05144089460372925,0.46146955490112307,0.03020808696746824,0.02123280763626101,PSH Flag Count;Flow Duration;Destination Port;Init_Win_bytes_forward;Bwd IAT Total;ACK Flag Count;Idle Min;Flow IAT Max;Avg Bwd Segment Size;Fwd IAT Mean,fused_tad_score
37491,1,PortScan,0.4916776418685913,20,0.4188379645347595,0.07283967733383179,0.4881245672702789,0.003553074598312389,0.0692866027355194,PSH Flag Count;Flow Duration;Destination Port;Init_Win_bytes_forward;Bwd IAT Total;ACK Flag Count;Idle Min;Flow IAT Max;Avg Bwd Segment Size;Fwd IAT Mean;Idle Max;Bwd IAT Max;Packet Length Std;SYN Flag Count;Fwd IAT Max;Idle Mean;Fwd IAT Min;Fwd IAT Total;Init_Win_bytes_backward;Bwd Packet Length Mean,fused_tad_score
37606,1,PortScan,0.4414249360561371,5,0.15996190905570984,0.28146302700042725,0.21948880553245545,0.22193613052368164,0.05952689647674561,PSH Flag Count;Flow Duration;SYN Flag Count;Bwd IAT Total;Fwd PSH Flags,fused_tad_score
37606,1,PortScan,0.4414249360561371,10,0.4255075752735138,0.01591736078262329,0.19613537639379502,0.24528955966234206,-0.22937219887971877,PSH Flag Count;Flow Duration;SYN Flag Count;Bwd IAT Total;Fwd PSH Flags;Bwd IAT Min;Bwd IAT Mean;Fwd IAT Max;Fwd IAT Total;Bwd IAT Max,fused_tad_score
37606,1,PortScan,0.4414249360561371,20,0.43974918127059937,0.0016757547855377197,0.21244011521339418,0.2289848208427429,-0.2273090660572052,PSH Flag Count;Flow Duration;SYN Flag Count;Bwd IAT Total;Fwd PSH Flags;Bwd IAT Min;Bwd IAT Mean;Fwd IAT Max;Fwd IAT Total;Bwd IAT Max;Idle Mean;Idle Min;ACK Flag Count;Flow IAT Max;Init_Win_bytes_forward;Idle Max;Destination Port;Flow IAT Std;FIN Flag Count;Fwd IAT Std,fused_tad_score
37643,1,PortScan,0.48971375823020935,5,0.4215254783630371,0.06818827986717224,0.46773500442504884,0.02197875380516051,0.04620952606201173,PSH Flag Count;Flow Duration;Init_Win_bytes_forward;Bwd IAT Total;Destination Port,fused_tad_score
37643,1,PortScan,0.48971375823020935,10,0.44000303745269775,0.0497107207775116,0.5073726832866668,-0.017658925056457497,0.0673696458339691,PSH Flag Count;Flow Duration;Init_Win_bytes_forward;Bwd IAT Total;Destination Port;ACK Flag Count;Idle Min;Flow IAT Max;Avg Bwd Segment Size;Fwd IAT Mean,fused_tad_score
37643,1,PortScan,0.48971375823020935,20,0.419723242521286,0.06999051570892334,0.4746548056602478,0.015058952569961537,0.0549315631389618,PSH Flag Count;Flow Duration;Init_Win_bytes_forward;Bwd IAT Total;Destination Port;ACK Flag Count;Idle Min;Flow IAT Max;Avg Bwd Segment Size;Fwd IAT Mean;Idle Max;Packet Length Std;Fwd IAT Total;Fwd IAT Max;Bwd IAT Max;SYN Flag Count;Idle Mean;Fwd IAT Min;Init_Win_bytes_backward;Bwd Packet Length Mean,fused_tad_score
37716,1,PortScan,0.48918813467025757,5,0.4218785762786865,0.06730955839157104,0.4616206049919128,0.02756752967834475,0.039742028713226296,PSH Flag Count;Flow Duration;Init_Win_bytes_forward;Destination Port;Bwd IAT Total,fused_tad_score
37716,1,PortScan,0.48918813467025757,10,0.4406086206436157,0.048579514026641846,0.4822110176086426,0.006977117061614968,0.04160239696502688,PSH Flag Count;Flow Duration;Init_Win_bytes_forward;Destination Port;Bwd IAT Total;ACK Flag Count;Idle Min;Flow IAT Max;Avg Bwd Segment Size;Fwd IAT Mean,fused_tad_score
37716,1,PortScan,0.48918813467025757,20,0.42010536789894104,0.06908276677131653,0.4585529386997223,0.030635195970535267,0.03844757080078126,PSH Flag Count;Flow Duration;Init_Win_bytes_forward;Destination Port;Bwd IAT Total;ACK Flag Count;Idle Min;Flow IAT Max;Avg Bwd Segment Size;Fwd IAT Mean;Idle Max;Packet Length Std;Fwd IAT Max;Fwd IAT Total;SYN Flag Count;Bwd IAT Max;Idle Mean;Fwd IAT Min;Init_Win_bytes_backward;Bwd Packet Length Mean,fused_tad_score
38396,1,PortScan,0.4891953468322754,5,0.42180049419403076,0.06739485263824463,0.46926981806755064,0.019925528764724754,0.047469323873519875,PSH Flag Count;Flow Duration;Bwd IAT Total;Init_Win_bytes_forward;Destination Port,fused_tad_score
38396,1,PortScan,0.4891953468322754,10,0.4402090907096863,0.04898625612258911,0.495063841342926,-0.005868494510650635,0.054854750633239746,PSH Flag Count;Flow Duration;Bwd IAT Total;Init_Win_bytes_forward;Destination Port;ACK Flag Count;Idle Min;Flow IAT Max;Avg Bwd Segment Size;Fwd IAT Mean,fused_tad_score
38396,1,PortScan,0.4891953468322754,20,0.4187726378440857,0.0704227089881897,0.43173080682754517,0.057464540004730225,0.012958168983459473,PSH Flag Count;Flow Duration;Bwd IAT Total;Init_Win_bytes_forward;Destination Port;ACK Flag Count;Idle Min;Flow IAT Max;Avg Bwd Segment Size;Fwd IAT Mean;Idle Max;Fwd IAT Max;Packet Length Std;Bwd IAT Max;Fwd IAT Total;Idle Mean;SYN Flag Count;Fwd IAT Min;Init_Win_bytes_backward;Bwd Packet Length Mean,fused_tad_score
38491,1,PortScan,0.4923133850097656,5,0.4228309690952301,0.06948241591453552,0.49422292709350585,-0.0019095420837402233,0.07139195799827575,PSH Flag Count;Flow Duration;Bwd IAT Total;Init_Win_bytes_forward;Destination Port,fused_tad_score
38491,1,PortScan,0.4923133850097656,10,0.4419402480125427,0.0503731369972229,0.5042192995548248,-0.011905914545059182,0.06227905154228208,PSH Flag Count;Flow Duration;Bwd IAT Total;Init_Win_bytes_forward;Destination Port;ACK Flag Count;Idle Min;Flow IAT Max;Avg Bwd Segment Size;Idle Max,fused_tad_score
38491,1,PortScan,0.4923133850097656,20,0.4253689646720886,0.066944420337677,0.5132545530796051,-0.020941168069839478,0.08788558840751648,PSH Flag Count;Flow Duration;Bwd IAT Total;Init_Win_bytes_forward;Destination Port;ACK Flag Count;Idle Min;Flow IAT Max;Avg Bwd Segment Size;Idle Max;Fwd IAT Mean;Fwd IAT Max;Packet Length Std;Bwd IAT Max;Fwd IAT Total;Idle Mean;Fwd IAT Min;SYN Flag Count;Init_Win_bytes_backward;Avg Fwd Segment Size,fused_tad_score
38689,1,PortScan,0.4937816262245178,5,0.4230921268463135,0.07068949937820435,0.4934943079948425,0.0002873182296753152,0.07040218114852903,PSH Flag Count;Flow Duration;Init_Win_bytes_forward;Bwd IAT Total;Destination Port,fused_tad_score
38689,1,PortScan,0.4937816262245178,10,0.44216954708099365,0.05161207914352417,0.5002790749073028,-0.006497448682785012,0.05810952782630918,PSH Flag Count;Flow Duration;Init_Win_bytes_forward;Bwd IAT Total;Destination Port;ACK Flag Count;Idle Min;Flow IAT Max;Avg Bwd Segment Size;Fwd IAT Mean,fused_tad_score
38689,1,PortScan,0.4937816262245178,20,0.4217366576194763,0.0720449686050415,0.4839087426662445,0.009872883558273315,0.06217208504676819,PSH Flag Count;Flow Duration;Init_Win_bytes_forward;Bwd IAT Total;Destination Port;ACK Flag Count;Idle Min;Flow IAT Max;Avg Bwd Segment Size;Fwd IAT Mean;Idle Max;Packet Length Std;Fwd IAT Max;Bwd IAT Max;Fwd IAT Total;SYN Flag Count;Idle Mean;Fwd IAT Min;Init_Win_bytes_backward;Bwd Packet Length Mean,fused_tad_score
39012,1,PortScan,0.4933529496192932,5,0.4224286675453186,0.07092428207397461,0.4916093349456787,0.001743614673614502,0.06918066740036011,PSH Flag Count;Flow Duration;Destination Port;Bwd IAT Total;Init_Win_bytes_forward,fused_tad_score
39012,1,PortScan,0.4933529496192932,10,0.4412524104118347,0.052100539207458496,0.4760836660861969,0.017269283533096313,0.03483125567436218,PSH Flag Count;Flow Duration;Destination Port;Bwd IAT Total;Init_Win_bytes_forward;ACK Flag Count;Idle Min;Flow IAT Max;Avg Bwd Segment Size;Fwd IAT Mean,fused_tad_score
39012,1,PortScan,0.4933529496192932,20,0.4202992916107178,0.07305365800857544,0.4102163851261139,0.0831365644931793,-0.01008290648460386,PSH Flag Count;Flow Duration;Destination Port;Bwd IAT Total;Init_Win_bytes_forward;ACK Flag Count;Idle Min;Flow IAT Max;Avg Bwd Segment Size;Fwd IAT Mean;Idle Max;Fwd IAT Max;Bwd IAT Max;Packet Length Std;Idle Mean;SYN Flag Count;Fwd IAT Min;Fwd IAT Total;Init_Win_bytes_backward;Bwd Packet Length Mean,fused_tad_score
39033,1,PortScan,0.489612340927124,5,0.4221873879432678,0.0674249529838562,0.4901814341545105,-0.0005690932273864635,0.06799404621124266,PSH Flag Count;Flow Duration;Init_Win_bytes_forward;Bwd IAT Total;Destination Port,fused_tad_score
39033,1,PortScan,0.489612340927124,10,0.4413725435733795,0.04823979735374451,0.4518373668193817,0.03777497410774233,0.010464823246002175,PSH Flag Count;Flow Duration;Init_Win_bytes_forward;Bwd IAT Total;Destination Port;ACK Flag Count;Idle Min;Flow IAT Max;Avg Bwd Segment Size;Fwd IAT Mean,fused_tad_score
39033,1,PortScan,0.489612340927124,20,0.4261283874511719,0.06348395347595215,0.4801557004451752,0.00945664048194883,0.05402731299400332,PSH Flag Count;Flow Duration;Init_Win_bytes_forward;Bwd IAT Total;Destination Port;ACK Flag Count;Idle Min;Flow IAT Max;Avg Bwd Segment Size;Fwd IAT Mean;Idle Max;Fwd IAT Total;Packet Length Std;Fwd IAT Max;Bwd IAT Max;Flow Packets/s;Idle Mean;SYN Flag Count;Fwd IAT Min;Init_Win_bytes_backward,fused_tad_score
39594,1,PortScan,0.4915328621864319,5,0.4222988486289978,0.06923401355743408,0.4973259449005127,-0.0057930827140807994,0.07502709627151488,PSH Flag Count;Flow Duration;Init_Win_bytes_forward;Bwd IAT Total;Destination Port,fused_tad_score
39594,1,PortScan,0.4915328621864319,10,0.44143909215927124,0.050093770027160645,0.4964973866939545,-0.004964524507522605,0.05505829453468325,PSH Flag Count;Flow Duration;Init_Win_bytes_forward;Bwd IAT Total;Destination Port;ACK Flag Count;Idle Min;Flow IAT Max;Avg Bwd Segment Size;Fwd IAT Mean,fused_tad_score
39594,1,PortScan,0.4915328621864319,20,0.4198450744152069,0.07168778777122498,0.4864204466342926,0.00511241555213926,0.06657537221908572,PSH Flag Count;Flow Duration;Init_Win_bytes_forward;Bwd IAT Total;Destination Port;ACK Flag Count;Idle Min;Flow IAT Max;Avg Bwd Segment Size;Fwd IAT Mean;Idle Max;Fwd IAT Max;Packet Length Std;Bwd IAT Max;SYN Flag Count;Idle Mean;Fwd IAT Min;Fwd IAT Total;Init_Win_bytes_backward;Bwd Packet Length Mean,fused_tad_score
39706,1,PortScan,0.4819551706314087,5,0.4210636615753174,0.06089150905609131,0.4837752223014832,-0.001820051670074485,0.0627115607261658,PSH Flag Count;Flow Duration;Bwd IAT Total;Init_Win_bytes_forward;Destination Port,fused_tad_score
39706,1,PortScan,0.4819551706314087,10,0.4391096830368042,0.04284548759460449,0.4889639258384705,-0.00700875520706179,0.04985424280166628,PSH Flag Count;Flow Duration;Bwd IAT Total;Init_Win_bytes_forward;Destination Port;ACK Flag Count;Idle Min;Flow IAT Max;Avg Bwd Segment Size;Fwd IAT Mean,fused_tad_score
39706,1,PortScan,0.4819551706314087,20,0.4263623356819153,0.05559283494949341,0.42554410696029665,0.05641106367111204,-0.0008182287216186301,PSH Flag Count;Flow Duration;Bwd IAT Total;Init_Win_bytes_forward;Destination Port;ACK Flag Count;Idle Min;Flow IAT Max;Avg Bwd Segment Size;Fwd IAT Mean;Idle Max;FIN Flag Count;Fwd IAT Max;Packet Length Std;Fwd IAT Total;Bwd IAT Max;SYN Flag Count;Idle Mean;Fwd IAT Min;Init_Win_bytes_backward,fused_tad_score
40272,1,PortScan,0.48606687784194946,5,0.42043304443359375,0.06563383340835571,0.5031906545162201,-0.017123776674270674,0.08275761008262639,PSH Flag Count;Flow Duration;Bwd IAT Total;Init_Win_bytes_forward;Destination Port,fused_tad_score
40272,1,PortScan,0.48606687784194946,10,0.44016432762145996,0.0459025502204895,0.47212602496147155,0.013940852880477916,0.031961697340011586,PSH Flag Count;Flow Duration;Bwd IAT Total;Init_Win_bytes_forward;Destination Port;ACK Flag Count;Idle Min;Flow IAT Max;Avg Bwd Segment Size;Fwd IAT Mean,fused_tad_score
40272,1,PortScan,0.48606687784194946,20,0.41926705837249756,0.0667998194694519,0.4933666825294495,-0.007299804687500022,0.07409962415695193,PSH Flag Count;Flow Duration;Bwd IAT Total;Init_Win_bytes_forward;Destination Port;ACK Flag Count;Idle Min;Flow IAT Max;Avg Bwd Segment Size;Fwd IAT Mean;Idle Max;Packet Length Std;Fwd IAT Max;Fwd IAT Total;Bwd IAT Max;Idle Mean;SYN Flag Count;Fwd IAT Min;Init_Win_bytes_backward;Bwd Packet Length Mean,fused_tad_score
40313,1,PortScan,0.49011868238449097,5,0.4220089614391327,0.06810972094535828,0.5000222444534301,-0.009903562068939165,0.07801328301429744,PSH Flag Count;Flow Duration;Bwd IAT Total;Init_Win_bytes_forward;Destination Port,fused_tad_score
40313,1,PortScan,0.49011868238449097,10,0.4406436085700989,0.04947507381439209,0.5025831043720246,-0.012464421987533614,0.061939495801925704,PSH Flag Count;Flow Duration;Bwd IAT Total;Init_Win_bytes_forward;Destination Port;ACK Flag Count;Idle Min;Flow IAT Max;Avg Bwd Segment Size;Fwd IAT Mean,fused_tad_score
40313,1,PortScan,0.49011868238449097,20,0.42726930975914,0.06284937262535095,0.4597543001174927,0.03036438226699828,0.03248499035835267,PSH Flag Count;Flow Duration;Bwd IAT Total;Init_Win_bytes_forward;Destination Port;ACK Flag Count;Idle Min;Flow IAT Max;Avg Bwd Segment Size;Fwd IAT Mean;Idle Max;Fwd IAT Max;Packet Length Std;Bwd IAT Max;Fwd IAT Total;SYN Flag Count;Idle Mean;Fwd IAT Min;Init_Win_bytes_backward;FIN Flag Count,fused_tad_score
41895,1,PortScan,0.520390510559082,5,0.420055627822876,0.10033488273620605,0.48995524644851685,0.030435264110565186,0.06989961862564087,PSH Flag Count;Flow Duration;Destination Port;Bwd IAT Total;Init_Win_bytes_forward,fused_tad_score
41895,1,PortScan,0.520390510559082,10,0.43669450283050537,0.08369600772857666,0.4976987361907959,0.02269177436828612,0.06100423336029054,PSH Flag Count;Flow Duration;Destination Port;Bwd IAT Total;Init_Win_bytes_forward;Idle Min;Flow IAT Max;Packet Length Std;ACK Flag Count;Avg Bwd Segment Size,fused_tad_score
41895,1,PortScan,0.520390510559082,20,0.4179493486881256,0.10244116187095642,0.5020540535449982,0.018336457014083818,0.0841047048568726,PSH Flag Count;Flow Duration;Destination Port;Bwd IAT Total;Init_Win_bytes_forward;Idle Min;Flow IAT Max;Packet Length Std;ACK Flag Count;Avg Bwd Segment Size;SYN Flag Count;Bwd IAT Max;URG Flag Count;Fwd IAT Mean;Idle Mean;Idle Max;Fwd IAT Max;Avg Fwd Segment Size;Fwd IAT Min;Bwd Packet Length Max,fused_tad_score
42710,1,PortScan,0.5052534937858582,5,0.4190339148044586,0.08621957898139954,0.4995592415332794,0.0056942522525787465,0.08052532672882079,PSH Flag Count;Flow Duration;Destination Port;Bwd IAT Total;Init_Win_bytes_forward,fused_tad_score
42710,1,PortScan,0.5052534937858582,10,0.4350284934043884,0.07022500038146973,0.501087737083435,0.00416575670242314,0.06605924367904659,PSH Flag Count;Flow Duration;Destination Port;Bwd IAT Total;Init_Win_bytes_forward;Idle Min;Flow IAT Max;ACK Flag Count;Packet Length Std;SYN Flag Count,fused_tad_score
42710,1,PortScan,0.5052534937858582,20,0.4169890284538269,0.08826446533203125,0.42751553654670715,0.077737957239151,0.010526508092880249,PSH Flag Count;Flow Duration;Destination Port;Bwd IAT Total;Init_Win_bytes_forward;Idle Min;Flow IAT Max;ACK Flag Count;Packet Length Std;SYN Flag Count;FIN Flag Count;Avg Bwd Segment Size;Bwd IAT Max;Fwd IAT Mean;URG Flag Count;Idle Mean;Fwd IAT Total;Idle Max;Fwd IAT Max;Fwd IAT Min,fused_tad_score
42791,1,PortScan,0.5216215252876282,5,0.4196370840072632,0.10198444128036499,0.49449450969696046,0.027127015590667714,0.07485742568969728,PSH Flag Count;Flow Duration;Destination Port;Bwd IAT Total;Init_Win_bytes_forward,fused_tad_score
42791,1,PortScan,0.5216215252876282,10,0.4366915822029114,0.0849299430847168,0.5257351279258728,-0.004113602638244673,0.08904354572296147,PSH Flag Count;Flow Duration;Destination Port;Bwd IAT Total;Init_Win_bytes_forward;Idle Min;Flow IAT Max;ACK Flag Count;Packet Length Std;Avg Bwd Segment Size,fused_tad_score
42791,1,PortScan,0.5216215252876282,20,0.41838186979293823,0.10323965549468994,0.521783971786499,-0.00016244649887087181,0.10340210199356081,PSH Flag Count;Flow Duration;Destination Port;Bwd IAT Total;Init_Win_bytes_forward;Idle Min;Flow IAT Max;ACK Flag Count;Packet Length Std;Avg Bwd Segment Size;SYN Flag Count;URG Flag Count;Bwd IAT Max;Fwd IAT Mean;Idle Mean;Idle Max;Avg Fwd Segment Size;Fwd IAT Min;Bwd Packet Length Max;Fwd IAT Max,fused_tad_score
