seed,run_id,alpha,threshold,auc,ap,precision,recall,f1,test_benign_fpr,tp,fp,tn,fn,recall_family_Bot,recall_family_DDoS,recall_family_PortScan
0,pilot_tcn_wgan_gp_seed0,0.0,0.15306439995765686,0.9162520660813455,0.7600515978138134,0.8734504404705385,0.8920374959594871,0.8826461259628454,0.09469113874087232,16558,2399,22936,2004,0.0,0.803375631390908,0.9747499271632515
0,pilot_tcn_wgan_gp_seed0,0.05,0.1494346559047699,0.9154608538653904,0.759213138665311,0.8522621869524889,0.8910138993642926,0.8712073324905183,0.11316360765739096,16539,2867,22468,2023,0.0,0.8023900455833436,0.9736816548509275
0,pilot_tcn_wgan_gp_seed0,0.1,0.1426122933626175,0.9146025586629521,0.7582097901619673,0.847948717948718,0.8907984053442517,0.8688455677578687,0.11703177422537991,16535,2965,22370,2027,0.0,0.8022668473573981,0.9733903078566573
0,pilot_tcn_wgan_gp_seed0,0.15,0.1353999376296997,0.9055267836803023,0.7440976910362667,0.8447976287816844,0.8905829113242107,0.8670862837660633,0.11987369252022893,16531,3037,22298,2031,0.0,0.8018972526795615,0.9732931921919006
0,pilot_tcn_wgan_gp_seed0,0.2,0.12824079394340515,0.8959783572044953,0.7205663222327037,0.8430502422851314,0.8904212908091801,0.8660885057772422,0.12145253601736727,16528,3077,22258,2034,0.0,0.8015276580017248,0.9732931921919006
0,pilot_tcn_wgan_gp_seed0,0.24,0.12253918498754501,0.8928670883961616,0.7131964419693269,0.8415075120957474,0.8901519232841288,0.8651464774720528,0.12283402407736334,16523,3112,22223,2039,0.0,0.8011580633238882,0.9730989608623871
0,pilot_tcn_wgan_gp_seed0,0.25,0.12101136893033981,0.8922387215280333,0.7119812023568324,0.8411219710853187,0.8901519232841288,0.8649426791603413,0.12318926386421945,16523,3121,22214,2039,0.0,0.8011580633238882,0.9730989608623871
0,pilot_tcn_wgan_gp_seed0,0.3,0.11347594857215881,0.8897364710572542,0.7074655393627458,0.839081627469904,0.8899364292640879,0.8637611440821983,0.125044404973357,16519,3168,22167,2043,0.0,0.800911666871997,0.9729047295328737
0,pilot_tcn_wgan_gp_seed0,0.35,0.1060466468334198,0.8877240941643798,0.703716658092596,0.8369829683698297,0.8895593147290163,0.8624706189605641,0.12693901716992304,16512,3216,22119,2050,0.0,0.8005420721941604,0.9725162668738467
0,pilot_tcn_wgan_gp_seed0,0.4,0.09835535287857056,0.8857403902670278,0.7001811306551232,0.8350531107738999,0.8893976942139855,0.8613690910988209,0.12871521610420367,16509,3261,22074,2053,0.006756756756756757,0.8002956757422693,0.9723220355443333
0,pilot_tcn_wgan_gp_seed0,0.45,0.09083102643489838,0.8838844028324514,0.6968191572523678,0.8339227970897333,0.8891822001939447,0.8606664233196015,0.1297414643773436,16505,3287,22048,2057,0.006756756756756757,0.8001724775163238,0.9720306885500631
0,pilot_tcn_wgan_gp_seed0,0.5,0.08314882218837738,0.8818865740186979,0.693401988800794,0.8310831234256927,0.8887512121538628,0.8589503280224929,0.13234655614762186,16497,3353,21982,2065,0.006756756756756757,0.7998028828384871,0.9715451102262795
0,pilot_tcn_wgan_gp_seed0,0.55,0.07543155550956726,0.879467742954463,0.6892164014236319,0.8286173795044479,0.8882124771037604,0.8573805871187499,0.134596408131044,16487,3410,21925,2075,0.006756756756756757,0.7990636934828138,0.9711566475672526
0,pilot_tcn_wgan_gp_seed0,0.6,0.0677141323685646,0.8769789996675728,0.6848667487088462,0.8256227758007118,0.8874043745286069,0.8553994755017786,0.13731991316360767,16472,3479,21856,2090,0.013513513513513514,0.7977085129974129,0.970671069243469
0,pilot_tcn_wgan_gp_seed0,0.65,0.059976235032081604,0.8741818898391762,0.6801893354576499,0.8225242330368742,0.8868656394785045,0.8534840315221899,0.14020130254588514,16462,3552,21783,2100,0.02027027027027027,0.7969693236417396,0.9701854909196853
0,pilot_tcn_wgan_gp_seed0,0.7,0.05210181325674057,0.8705351500750838,0.6742403288878802,0.8179873650698901,0.8858959163883202,0.8505883874304927,0.14442470890073023,16444,3659,21676,2118,0.02027027027027027,0.7956141431563385,0.9695056812663883
0,pilot_tcn_wgan_gp_seed0,0.75,0.044265180826187134,0.865587640008117,0.6662674351469814,0.81377260341838,0.8849261932981359,0.8478591890985109,0.14837181764357607,16426,3759,21576,2136,0.0472972972972973,0.794135764444992,0.9685345246188211
0,pilot_tcn_wgan_gp_seed0,0.8,0.036243703216314316,0.8591003194836003,0.6562460495538812,0.8072478733343168,0.8844413317530438,0.8440833954600376,0.15472666271955793,16417,3920,21415,2145,0.08108108108108109,0.7935197733152642,0.9676604836360105
0,pilot_tcn_wgan_gp_seed0,0.85,0.028171438723802567,0.8495896842030188,0.6424950938879829,0.7970549642805074,0.88357935567288,0.8380898847696671,0.16483126110124333,16401,4176,21159,2161,0.14189189189189189,0.7949981520266108,0.9640672040400117
0,pilot_tcn_wgan_gp_seed0,0.9,0.01969972997903824,0.8315208232101222,0.6183066365694598,0.7797388095012776,0.8877814890636785,0.8302599758162031,0.18373791197947503,16479,4655,20680,2083,0.22297297297297297,0.8119995072070962,0.9570748761775274
0,pilot_tcn_wgan_gp_seed0,0.95,0.010701119899749756,0.7867229273197616,0.5673086634038386,0.7480690792328387,0.928779226376468,0.8286867910017304,0.22916913360963095,17240,5806,19529,1322,0.5,0.9379080941234447,0.9277459454209964
0,pilot_tcn_wgan_gp_seed0,1.0,0.0022464669309556484,0.30498077724869677,0.30954221374579227,0.16531536274613035,0.08458140286607047,0.11190705299547382,0.3128873100453918,1570,7927,17408,16992,0.831081081081081,0.17321670567943823,0.003981742255025736
1,formal_tcn_wgan_gp_seed1,0.0,0.1928679645061493,0.8940398360280611,0.735135627905675,0.8419076825463967,0.8578278202779873,0.8497931954636425,0.11801855141109138,15923,2990,22345,2639,0.0,0.7542195392386349,0.9518306302806643
1,formal_tcn_wgan_gp_seed1,0.05,0.1833435595035553,0.893973276147251,0.734920229623583,0.8417019027484144,0.8579355672880078,0.849741209113708,0.11821590684823367,15925,2995,22340,2637,0.0,0.754465935690526,0.9518306302806643
1,formal_tcn_wgan_gp_seed1,0.1,0.17393681406974792,0.8938954014481989,0.734672213512661,0.8415124272871497,0.8572890852278849,0.8493274978650727,0.11829484902309059,15913,2997,22338,2649,0.0,0.753110755205125,0.9517335146159075
1,formal_tcn_wgan_gp_seed1,0.15,0.16458752751350403,0.8938013487493001,0.7343662293752428,0.8412841125449545,0.8569658441978235,0.8490525753936482,0.11845273337280442,15907,3001,22334,2655,0.0,0.7524947640753973,0.9516363989511508
1,formal_tcn_wgan_gp_seed1,0.2,0.15527772903442383,0.8936887066609873,0.7340090698561338,0.8416009317592249,0.8564271091477211,0.8489492937438251,0.11809749358594829,15897,2992,22343,2665,0.0,0.7518787729456696,0.9511508206273672
1,formal_tcn_wgan_gp_seed1,0.24,0.14783844351768494,0.8935877961742985,0.7336810271829624,0.8413833280372842,0.8558883740976188,0.8485738703130007,0.11821590684823367,15887,2995,22340,2675,0.0,0.7510163853640508,0.950859473633097
1,formal_tcn_wgan_gp_seed1,0.25,0.14605319499969482,0.8935674822373195,0.7336139441500003,0.8413942893468241,0.8556728800775778,0.8484735169208579,0.1181764357608052,15883,2994,22341,2679,0.0,0.7506467906862141,0.9507623579683403
1,formal_tcn_wgan_gp_seed1,0.3,0.13654440641403198,0.8934433871117862,0.7332223294186181,0.8412101303380312,0.8553496390475165,0.8482209637781815,0.11829484902309059,15877,2997,22338,2685,0.0,0.7502771960083775,0.9504710109740702
1,formal_tcn_wgan_gp_seed1,0.35,0.12739437818527222,0.8933001986291782,0.7327817373997618,0.841881703302538,0.8542182954423014,0.848005134238956,0.11754489836194987,15856,2978,22357,2706,0.0,0.7481828261673031,0.9500825483150432
1,formal_tcn_wgan_gp_seed1,0.4,0.11810876429080963,0.893114240941665,0.7322357423412367,0.8421948107188431,0.8533563193621377,0.8477388279368478,0.11715018748766529,15840,2968,22367,2722,0.0,0.7465812492300111,0.949791201320773
1,formal_tcn_wgan_gp_seed1,0.45,0.10924763977527618,0.8928962228304282,0.7315860114174585,0.8424032042723631,0.8498006680314621,0.8460857671574544,0.1164791790013815,15774,2951,22384,2788,0.0,0.739558950351115,0.9489171603379625
1,formal_tcn_wgan_gp_seed1,0.5,0.09998153150081635,0.8926270551912847,0.7307748579693728,0.842658092175777,0.8471069927809504,0.8448766858309602,0.11588711268995461,15724,2936,22399,2838,0.0,0.734384624861402,0.9481402350199087
1,formal_tcn_wgan_gp_seed1,0.55,0.0909598171710968,0.8923281896097306,0.7299139057515015,0.8426050828252307,0.8412886542398449,0.8419463539560589,0.1151371620288139,15616,2917,22418,2946,0.0,0.7229271898484662,0.9466835000485578
1,formal_tcn_wgan_gp_seed1,0.6,0.08159346878528595,0.8919020753834828,0.7287336762042564,0.8421024024350473,0.8346622131235858,0.8383658008658008,0.1146635089796724,15493,2905,22430,3069,0.0,0.7097449796722927,0.9451296494124503
1,formal_tcn_wgan_gp_seed1,0.65,0.07247481495141983,0.8913020986935819,0.7269806200989543,0.8413793103448276,0.8215709514060985,0.8313571564859487,0.11347937635681864,15250,2875,22460,3312,0.0,0.6822717752864359,0.9431873361173158
1,formal_tcn_wgan_gp_seed1,0.7,0.06337232142686844,0.8905787902721993,0.7248729079854658,0.839342403628118,0.7976511151815537,0.8179658582398763,0.11186106177225183,14806,2834,22501,3756,0.006756756756756757,0.6332388813601084,0.9386228998737496
1,formal_tcn_wgan_gp_seed1,0.75,0.05400653928518295,0.8894497262169102,0.7218480382560326,0.8357918338447015,0.7631181984699924,0.797803435651929,0.10984803631340044,14165,2783,22552,4397,0.006756756756756757,0.5617839103116915,0.9326988443235894
1,formal_tcn_wgan_gp_seed1,0.8,0.04442315921187401,0.8874874632728251,0.7168963329599833,0.8482074752097636,0.7188880508565887,0.7782119321164052,0.09425695677915927,13344,2388,22947,5218,0.013513513513513514,0.47209560182333377,0.9235699718364572
1,formal_tcn_wgan_gp_seed1,0.85,0.03515955060720444,0.8840620120936503,0.7093809519722385,0.8220687628563033,0.6028445210645405,0.6955927146142847,0.09559897375172687,11190,2422,22913,7372,0.02702702702702703,0.36405075766908956,0.7993590366126057
1,formal_tcn_wgan_gp_seed1,0.9,0.02530246041715145,0.8765682787826616,0.6943903405510553,0.738400081942026,0.3883740976187911,0.5090203000882613,0.1008091572922834,7209,2554,22781,11353,0.05405405405405406,0.3008500677590243,0.4621734485772555
1,formal_tcn_wgan_gp_seed1,0.95,0.014504687860608101,0.8560304504490597,0.6595795130924624,0.6707372745948413,0.31661458894515676,0.430171277997365,0.11387408723110322,5877,2885,22450,12685,0.17567567567567569,0.1854133300480473,0.422064679032728
1,formal_tcn_wgan_gp_seed1,1.0,0.0027619798202067614,0.6829572543773791,0.49064638458301235,0.2995414346544383,0.09853464066372158,0.1482892816604508,0.16881784093151767,1829,4277,21058,16733,0.6013513513513513,0.18048540101022545,0.026706807808099448
2,formal_tcn_wgan_gp_seed2,0.0,0.2173684686422348,0.9279462699024963,0.8198752572029654,0.8549019607843137,0.8690873828251267,0.861936311177602,0.1080718373791198,16132,2738,22597,2430,0.0,0.7730688678083035,0.9572691075070409
2,formal_tcn_wgan_gp_seed2,0.05,0.20828108489513397,0.9291246823860773,0.8243554931798747,0.8558611170099809,0.868494774270014,0.8621316647949089,0.10716400236826525,16121,2715,22620,2441,0.0,0.7714672908710115,0.9574633388365543
2,formal_tcn_wgan_gp_seed2,0.1,0.19943767786026,0.9304315619678104,0.8296134502616328,0.8562998405103668,0.8677405451998706,0.8619822326875735,0.10669034931912375,16107,2703,22632,2455,0.0,0.7698657139337194,0.9573662231717976
2,formal_tcn_wgan_gp_seed2,0.15,0.19017019867897034,0.9318881731059593,0.8359173717070331,0.8568007662835249,0.8674173041698093,0.8620763505916367,0.10621669626998224,16101,2691,22644,2461,0.0,0.7686337316742639,0.9577546858308245
2,formal_tcn_wgan_gp_seed2,0.2,0.18163472414016724,0.9336156721779252,0.8435659520059723,0.8577678190354247,0.8661782135545738,0.8619525009381868,0.10522991908427078,16078,2666,22669,2484,0.0,0.766169767155353,0.9574633388365543
2,formal_tcn_wgan_gp_seed2,0.24,0.17442382872104645,0.9350556810902849,0.8502045066459398,0.8585394518937978,0.8658010990195022,0.8621549851130603,0.10451943951055852,16071,2648,22687,2491,0.0,0.765060983121843,0.9576575701660678
2,formal_tcn_wgan_gp_seed2,0.25,0.17258206009864807,0.9354110474006677,0.851855778357095,0.8588229005185225,0.8655317314944511,0.8621642652070086,0.10424314189855931,16066,2641,22694,2496,0.0,0.7644449919921154,0.9576575701660678
2,formal_tcn_wgan_gp_seed2,0.3,0.16366559267044067,0.9373635776022057,0.8612730176144466,0.8603453823876435,0.8642387673742054,0.8622876800688024,0.10278271166370634,16042,2604,22731,2520,0.0,0.7616114327953677,0.9575604545013111
2,formal_tcn_wgan_gp_seed2,0.35,0.15433049201965332,0.9394227129123554,0.8712080191115829,0.8616352201257862,0.8635384118090723,0.8625857661778555,0.10159857904085258,16029,2574,22761,2533,0.0,0.7593938647283479,0.9580460328250947
2,formal_tcn_wgan_gp_seed2,0.4,0.1450960487127304,0.9414900435447197,0.8816518701464386,0.8626880155264435,0.862083827173796,0.8623858155263938,0.10053285968028419,16002,2547,22788,2560,0.0,0.7559443144018726,0.9581431484898514
2,formal_tcn_wgan_gp_seed2,0.45,0.13604089617729187,0.9435948846814607,0.8916305514136146,0.86459236773634,0.8592824049132637,0.8619292083220751,0.09859877639628972,15950,2498,22837,2612,0.0,0.7486756190710854,0.9588229581431484
2,formal_tcn_wgan_gp_seed2,0.5,0.12654587626457214,0.9457261596662688,0.9003334259007946,0.8883419109420452,0.8555112595625471,0.8716175421263516,0.07878429050720347,15880,1996,23339,2682,0.0,0.7388197609954417,0.9597941147907157
2,formal_tcn_wgan_gp_seed2,0.55,0.11935114115476608,0.9477265795542616,0.9073410969024306,0.8919781221513218,0.8434435944402543,0.8670321758874676,0.07483718176435761,15656,1896,23439,2906,0.0,0.7120857459652581,0.9591143051374187
2,formal_tcn_wgan_gp_seed2,0.6,0.11278559267520905,0.949318487934557,0.9113377939730903,0.8939547048683351,0.8102036418489387,0.850021195421789,0.07041641997237023,15039,1784,23551,3523,0.0,0.6380436121719847,0.9575604545013111
2,formal_tcn_wgan_gp_seed2,0.65,0.10685780644416809,0.9502976120417395,0.9127141606493698,0.9013587666579567,0.7433466221312358,0.8147623265426632,0.05960134201697257,13798,1510,23825,4764,0.0,0.4872489836146359,0.9559094882004467
2,formal_tcn_wgan_gp_seed2,0.7,0.10091949999332428,0.9504495402166938,0.9115963029753561,0.9155497910361724,0.6845167546600582,0.7833538840937115,0.046260114466153544,12706,1172,24163,5856,0.0,0.35481089072317357,0.9542585218995824
2,formal_tcn_wgan_gp_seed2,0.75,0.094585120677948,0.9496068339886082,0.9079967221785775,0.9383766383076569,0.6595733218403189,0.7746527887626942,0.03173475429248076,12243,804,24531,6319,0.0,0.29986448195145987,0.9526075555987181
2,formal_tcn_wgan_gp_seed2,0.8,0.08764803409576416,0.9474448935285386,0.9023871666615055,0.9561762581266554,0.6417950651869411,0.7680603462170787,0.021551213735938424,11913,546,24789,6649,0.0,0.26130343723050387,0.9509565892978538
2,formal_tcn_wgan_gp_seed2,0.85,0.08191704750061035,0.943013529277661,0.8939798821977889,0.9600460374876685,0.6291347915095357,0.7601379938814035,0.019182948490230906,11678,486,24849,6884,0.006756756756756757,0.23604780091166688,0.9479460036903953
2,formal_tcn_wgan_gp_seed2,0.9,0.07570070773363113,0.9333125345667059,0.8804063665599693,0.956583215503618,0.6195991811227238,0.7520680071930684,0.020603907637655416,11501,522,24813,7061,0.006756756756756757,0.2220032031538746,0.9418277168107215
2,formal_tcn_wgan_gp_seed2,0.95,0.06954798102378845,0.9038654936255852,0.8520467881754844,0.9534355001684068,0.6100096972309018,0.7440042052697285,0.021827511347937634,11323,553,24782,7239,0.02027027027027027,0.21017617346310213,0.9336700009711566
2,formal_tcn_wgan_gp_seed2,1.0,0.06283511221408844,0.7835680397914152,0.7908187824464902,0.9498217014773306,0.6026829005495098,0.7374423203691497,0.023327412670219063,11187,591,24744,7375,0.02027027027027027,0.20303067635826044,0.9260949791201321
3,formal_tcn_wgan_gp_seed3,0.0,0.1352466642856598,0.8472918489695254,0.6749901733722508,0.7784054308508003,0.8462988902057967,0.8109335880029941,0.1765147029800671,15709,4472,20863,2853,0.02027027027027027,0.9238634963656523,0.7970282606584442
3,formal_tcn_wgan_gp_seed3,0.05,0.14046376943588257,0.8582957042796019,0.6959031617425602,0.7800197932702881,0.7643034155802176,0.7720816326530613,0.15792382080126308,14187,4001,21334,4375,0.013513513513513514,0.8253049156092153,0.7270078663688453
3,formal_tcn_wgan_gp_seed3,0.1,0.14180493354797363,0.8679824347919539,0.7190188963598655,0.80433524490977,0.8236181445964874,0.8138624930128563,0.14679297414643774,15288,3719,21616,3274,0.0,0.7789823826536898,0.8706419345440419
3,formal_tcn_wgan_gp_seed3,0.15,0.14221405982971191,0.8766626993566885,0.7444618805456209,0.8160937664248923,0.8364939122939339,0.8261679259338087,0.13810933491217683,15527,3499,21836,3035,0.0,0.7641985955402242,0.9055064581917063
3,formal_tcn_wgan_gp_seed3,0.2,0.14120537042617798,0.883885693585068,0.7664684948885523,0.8195333695062398,0.8137054196746041,0.8166089965397925,0.1312808367870535,15104,3326,22009,3458,0.0,0.687938893679931,0.9245411284840245
3,formal_tcn_wgan_gp_seed3,0.24,0.14034859836101532,0.8902380485929872,0.7832058762680579,0.8143341517596165,0.750457924792587,0.7810922956151173,0.12536017367278468,13930,3176,22159,4632,0.0,0.5335715165701614,0.9322132659998058
3,formal_tcn_wgan_gp_seed3,0.25,0.1397404670715332,0.8920552422131308,0.787584677034488,0.813218050455999,0.7397909708005603,0.7747686752426088,0.1244918097493586,13732,3154,22181,4830,0.0,0.5062215104102501,0.9345440419539671
3,formal_tcn_wgan_gp_seed3,0.3,0.13930830359458923,0.9013936204966582,0.8079937257652687,0.8104479511326037,0.6861868333153754,0.7431588774140847,0.11758436944937833,12737,2979,22356,5825,0.0,0.37908094123444624,0.938137321549966
3,formal_tcn_wgan_gp_seed3,0.35,0.13786613941192627,0.9086064194805233,0.8245329063322803,0.8171509567682494,0.6832776640448227,0.7442419974767479,0.11201894612196565,12683,2838,22497,5879,0.006756756756756757,0.3675003079955649,0.9419248324754783
3,formal_tcn_wgan_gp_seed3,0.4,0.13565734028816223,0.9151383209417893,0.8426470078847347,0.8253555887510554,0.6846245016700786,0.7484319326246355,0.10613775409512533,12708,2689,22646,5854,0.013513513513513514,0.3662683257361094,0.9452267650772069
3,formal_tcn_wgan_gp_seed3,0.45,0.131546288728714,0.9220070833186342,0.8627125631294521,0.8580080753701211,0.6868871888805086,0.762970498474059,0.08328399447404776,12750,2110,23225,5812,0.02702702702702703,0.3667611186398916,0.948722929008449
3,formal_tcn_wgan_gp_seed3,0.5,0.13493186235427856,0.9277837966826892,0.8797685821462679,0.8737463937354032,0.6852709837302015,0.7681159420289855,0.07254785869350701,12720,1838,23497,5842,0.02702702702702703,0.3644203523469262,0.947654656696125
3,formal_tcn_wgan_gp_seed3,0.55,0.13841786980628967,0.9308750088539888,0.8893044084802656,0.8987404472120011,0.684247387135007,0.7769621337248425,0.056483126110124335,12701,1431,23904,5861,0.02702702702702703,0.36269557718368856,0.9471690783723414
3,formal_tcn_wgan_gp_seed3,0.6,0.14276118576526642,0.9312100410261572,0.8915924524181261,0.9323081450960194,0.6826311819847,0.7881690666500794,0.036313400434181964,12671,920,24415,5891,0.02702702702702703,0.36060120734261425,0.945906574730504
3,formal_tcn_wgan_gp_seed3,0.65,0.1459812968969345,0.9292649214883241,0.8895561401761791,0.956373551465576,0.6802607477642495,0.7950259719817409,0.022735346358792183,12627,576,24759,5935,0.02702702702702703,0.3564124676604657,0.9449354180829368
3,formal_tcn_wgan_gp_seed3,0.7,0.14910376071929932,0.926476672559686,0.8864204452952532,0.9641784146059625,0.6742807887081134,0.793583362394192,0.018354055654233273,12516,465,24870,6046,0.02702702702702703,0.34507823087347544,0.943090220452559
3,formal_tcn_wgan_gp_seed3,0.75,0.15365871787071228,0.9226415084309217,0.8825166653413633,0.9647251206977107,0.6674388535718134,0.789007769710865,0.017880402605091772,12389,453,24882,6173,0.02702702702702703,0.3316496242454109,0.9413421384869379
3,formal_tcn_wgan_gp_seed3,0.8,0.15693995356559753,0.917762459287334,0.878037739303618,0.9642801067671534,0.6617282620407283,0.7848562300319489,0.017959344779948688,12283,455,24880,6279,0.02702702702702703,0.3193298016508562,0.9407594444983975
3,formal_tcn_wgan_gp_seed3,0.85,0.16082002222537994,0.9111867615478288,0.8726090940548092,0.9639974679537902,0.6563409115397048,0.7809615384615385,0.017959344779948688,12183,455,24880,6379,0.02702702702702703,0.30898115067143034,0.93920559386229
3,formal_tcn_wgan_gp_seed3,0.9,0.1643749475479126,0.9032676827207585,0.8667527614175545,0.9634583233818963,0.6519771576338756,0.7776885261703563,0.018117229129662522,12102,459,24876,6460,0.02702702702702703,0.30048047308118764,0.9380402058852093
3,formal_tcn_wgan_gp_seed3,0.95,0.16915249824523926,0.8946699253173088,0.8609136832522054,0.963522416840752,0.6460510720827497,0.7734778121775024,0.017919873692520228,11992,454,24881,6570,0.02702702702702703,0.2903782185536528,0.935320967272021
3,formal_tcn_wgan_gp_seed3,1.0,0.17398245632648468,0.8713505442329758,0.8467459168574512,0.9633770863717388,0.6405559745717057,0.7694796790059538,0.017840931517663312,11890,452,24883,6672,0.02702702702702703,0.2823703338671923,0.9317276876760221
4,formal_tcn_wgan_gp_seed4,0.0,0.23684921860694885,0.9330609143585213,0.8325072994050282,0.8593951925562161,0.8956470207951729,0.8771467011369931,0.10736135780540754,16625,2720,22615,1937,0.0,0.8164346433411359,0.9709624162377392
4,formal_tcn_wgan_gp_seed4,0.05,0.24680009484291077,0.9448520266953159,0.8761557732826813,0.8635504201680673,0.8857881693782997,0.8745279506409233,0.10254588513913558,16442,2598,22737,2120,0.0,0.7980781076752494,0.9676604836360105
4,formal_tcn_wgan_gp_seed4,0.1,0.2544242739677429,0.9521389759083683,0.9199116842137344,0.8630085451711721,0.8651007434543692,0.8640533778148457,0.10061180185514111,16058,2549,22786,2504,0.0,0.7538499445607983,0.9652325920170923
4,formal_tcn_wgan_gp_seed4,0.15,0.263660192489624,0.9550532210051085,0.9417761190065873,0.8445314473351857,0.7205042560068958,0.7776033490319206,0.0971778172488652,13374,2462,22873,5188,0.0,0.4244178883824073,0.9642614353695251
4,formal_tcn_wgan_gp_seed4,0.2,0.2731872498989105,0.9550769117380596,0.9442979555035463,0.8502670313924711,0.7033186079086305,0.7698431418799387,0.09074402999802644,13055,2299,23036,5507,0.0,0.38634963656523347,0.9632902787219578
4,formal_tcn_wgan_gp_seed4,0.24,0.28271347284317017,0.9542989940614109,0.943229772994567,0.8632926505704431,0.7011636677082211,0.7738272192163625,0.08134991119005329,13015,2061,23274,5547,0.0,0.38228409510903044,0.9626104690686608
4,formal_tcn_wgan_gp_seed4,0.25,0.28514838218688965,0.9539811456979651,0.9427123981266998,0.8683542612877371,0.7004094386380778,0.7753921393212859,0.07779751332149201,13001,1971,23364,5561,0.0,0.38080571639768385,0.9624162377391473
4,formal_tcn_wgan_gp_seed4,0.3,0.29642975330352783,0.9521340914623051,0.9394557767689466,0.9013565217391304,0.6980390044176275,0.7867747517988888,0.055970001973554374,12957,1418,23917,5605,0.0,0.3753849944560798,0.9624162377391473
4,formal_tcn_wgan_gp_seed4,0.35,0.306925892829895,0.9508247834794382,0.937176854544294,0.9258177570093458,0.683116043529792,0.7861615723231447,0.04010262482731399,12680,1016,24319,5882,0.0,0.3415054823210546,0.9622220064096338
4,formal_tcn_wgan_gp_seed4,0.4,0.31824296712875366,0.950001285436502,0.935846802183267,0.9356404635139367,0.6437883848723198,0.7627497287291761,0.03244523386619302,11950,822,24513,6612,0.0,0.2520635702845879,0.9618335437506069
4,formal_tcn_wgan_gp_seed4,0.45,0.32916563749313354,0.9494573044445461,0.9350962989921101,0.9331839309428951,0.605699816830083,0.734596537079386,0.03177422537990922,11243,805,24530,7319,0.0,0.16533201921892324,0.9615421967563368
4,formal_tcn_wgan_gp_seed4,0.5,0.3403039574623108,0.9489630291237807,0.9344949195010419,0.9305830677805529,0.5821032216355996,0.7162032280515693,0.03181369646733768,10805,806,24529,7757,0.0,0.11149439448071947,0.9614450810915801
4,formal_tcn_wgan_gp_seed4,0.55,0.3532440662384033,0.9481845479389881,0.9335606679035287,0.9291707144749625,0.5668031462126926,0.7040990463443199,0.03165581211762384,10521,802,24533,8041,0.0,0.07662929653812985,0.9613479654268233
4,formal_tcn_wgan_gp_seed4,0.6,0.36586788296699524,0.9469106580378047,0.9320095753096174,0.9283665052895822,0.5578601443809934,0.6969309462915602,0.03153739885533847,10355,799,24536,8207,0.0,0.05617839103116915,0.9613479654268233
4,formal_tcn_wgan_gp_seed4,0.65,0.3788115084171295,0.9452513030487896,0.9299866247700447,0.9277239380490897,0.551826311819847,0.6920244569807114,0.03149792776791001,10243,798,24537,8319,0.0,0.0425033879512135,0.9612508497620667
4,formal_tcn_wgan_gp_seed4,0.7,0.3902412950992584,0.9433223742694782,0.9277044562652237,0.92712219088345,0.5489710160543045,0.6896084999830813,0.03161634103019538,10190,801,24534,8372,0.0,0.03597388197609955,0.9612508497620667
4,formal_tcn_wgan_gp_seed4,0.75,0.400429904460907,0.9410920430587417,0.9251703990016077,0.9265443927365635,0.547031569873936,0.687917075979811,0.03177422537990922,10154,805,24530,8408,0.0,0.03153874584205987,0.9612508497620667
4,formal_tcn_wgan_gp_seed4,0.8,0.4104858636856079,0.9385671161696706,0.9224286251398616,0.9261155815654718,0.5456308587436699,0.6866906230930911,0.03189263864219459,10128,808,24527,8434,0.0,0.02821239374153012,0.9613479654268233
4,formal_tcn_wgan_gp_seed4,0.85,0.4206787347793579,0.9355672305937205,0.9193573265379258,0.9256954612005857,0.544984376683547,0.6860630722278739,0.03205052299190843,10116,812,24523,8446,0.0,0.026734015030183564,0.9613479654268233
4,formal_tcn_wgan_gp_seed4,0.9,0.43020737171173096,0.9316252678497744,0.9155896458997816,0.9255494505494506,0.544499515138455,0.6856386947968253,0.03208999407933689,10107,813,24522,8455,0.0,0.025748429222619194,0.9612508497620667
4,formal_tcn_wgan_gp_seed4,0.95,0.43991345167160034,0.9241799643424805,0.9091467383005749,0.9254100613946669,0.5440685270983731,0.6852586938083122,0.03212946516676535,10099,814,24521,8463,0.0,0.02463964518910928,0.9613479654268233
4,formal_tcn_wgan_gp_seed4,1.0,0.45166292786598206,0.9009140708132403,0.8923796708027448,0.9253758709204254,0.5437991595733218,0.6850356294536817,0.03212946516676535,10094,814,24521,8468,0.0,0.024023654059381543,0.9613479654268233
