seed,run_id,block_scheme,block_id,source_file,window_count,benign_support,attack_support,attack_families,score_mean,score_std,benign_fpr,recall,precision,f1,threshold_margin_mean,wasserstein_to_calibration_benign
0,pilot_tcn_wgan_gp_seed0,equal_order,B01,mixed,4390,4390,0,,0.04874463826845103,0.029624188696435964,0.0255125284738041,0.0,0.0,0.0,-0.0737945429938037,0.02972400965211434
0,pilot_tcn_wgan_gp_seed0,equal_order,B02,mixed,4390,4242,148,Bot,0.04983931971410934,0.02949800679108471,0.024516737388024516,0.0,0.0,0.0,-0.07269986154814537,0.028182796194337986
0,pilot_tcn_wgan_gp_seed0,equal_order,B03,mixed,4390,4317,73,DDoS,0.06033501881485194,0.04598755976894858,0.062311790595320826,0.9315068493150684,0.20178041543026706,0.3317073170731707,-0.062204162447402775,0.023155865731741953
0,pilot_tcn_wgan_gp_seed0,equal_order,B04,mixed,4390,1093,3297,DDoS,0.18217104105580864,0.05788033221972172,0.7017383348581885,0.8340915984228087,0.7819164060278646,0.8071617258585265,0.05963185979355394,0.11925015952682713
0,pilot_tcn_wgan_gp_seed0,equal_order,B05,mixed,4390,1190,3200,DDoS,0.19535185314920273,0.06947218569170789,0.819327731092437,0.75625,0.7128129602356407,0.7338893100833965,0.07281267188694802,0.1545838830088464
0,pilot_tcn_wgan_gp_seed0,equal_order,B06,mixed,4390,2843,1547,DDoS,0.13044271634712984,0.08340013363564257,0.2550123109391488,0.8177117000646412,0.635678391959799,0.7152954481198757,0.007903535084875124,0.02660418599508503
0,pilot_tcn_wgan_gp_seed0,equal_order,B07,mixed,4390,4346,44,PortScan,0.049311902305148064,0.02699769749100983,0.018867924528301886,0.0,0.0,0.0,-0.07322727895710665,0.029080015996736312
0,pilot_tcn_wgan_gp_seed0,equal_order,B08,mixed,4389,771,3618,PortScan,0.15408502781567557,0.0497137027392012,0.014267185473411154,0.9988944168048646,0.9969655172413793,0.9979290349302775,0.03154584655342084,0.02832736159126793
0,pilot_tcn_wgan_gp_seed0,equal_order,B09,mixed,4389,50,4339,PortScan,0.18516259458190934,0.02098447301154161,0.0,0.9903203503111316,1.0,0.9951366373320981,0.06262341331965461,0.03860929292419143
0,pilot_tcn_wgan_gp_seed0,equal_order,B10,mixed,4389,2093,2296,PortScan,0.1121231514612349,0.06599819324870111,0.03201146679407549,0.9185540069686411,0.9692095588235294,0.9432021466905187,-0.01041602980101981,0.02760918875335313
0,pilot_tcn_wgan_gp_seed0,source_file,Friday-WorkingHours-Morning.pcap_ISCX.csv,Friday-WorkingHours-Morning.pcap_ISCX.csv,11924,11776,148,Bot,0.04942064301745555,0.029564644389164875,0.025815217391304348,0.0,0.0,0.0,-0.07311853824479916,0.028878982321289257
0,pilot_tcn_wgan_gp_seed0,source_file,Friday-WorkingHours-Afternoon-DDos.pcap_ISCX.csv,Friday-WorkingHours-Afternoon-DDos.pcap_ISCX.csv,14099,5982,8117,DDoS,0.16468050270409246,0.0778953937634897,0.44149114008692747,0.8011580633238882,0.7111767279090113,0.7534905277793871,0.04214132144183778,0.06729862701206586
0,pilot_tcn_wgan_gp_seed0,source_file,Friday-WorkingHours-Afternoon-PortScan.pcap_ISCX.csv,Friday-WorkingHours-Afternoon-PortScan.pcap_ISCX.csv,17874,7577,10297,PortScan,0.12386968563753833,0.0679504071613871,0.022040385376798206,0.9730989608623871,0.9836065573770492,0.9783245459871119,0.0013305043752836027,0.028531052118884133
1,formal_tcn_wgan_gp_seed1,equal_order,B01,mixed,4390,4390,0,,0.07034513924852163,0.03434521557303581,0.01571753986332574,0.0,0.0,0.0,-0.0774933117197439,0.03178432868562351
1,formal_tcn_wgan_gp_seed1,equal_order,B02,mixed,4390,4242,148,Bot,0.07296735019340547,0.03391536261552819,0.009193776520509194,0.0,0.0,0.0,-0.07487110077486006,0.028207778907039974
1,formal_tcn_wgan_gp_seed1,equal_order,B03,mixed,4390,4317,73,DDoS,0.0807081162120729,0.04064467258513531,0.0650914987259671,0.8904109589041096,0.18786127167630057,0.3102625298329355,-0.06713033475619264,0.02270469181605894
1,formal_tcn_wgan_gp_seed1,equal_order,B04,mixed,4390,1093,3297,DDoS,0.17653905258724373,0.05842900481638224,0.7008234217749314,0.8046709129511678,0.7759578824217608,0.7900536033353186,0.0287006016189782,0.11001760889354839
1,formal_tcn_wgan_gp_seed1,equal_order,B05,mixed,4390,1190,3200,DDoS,0.19039910763576312,0.0651807053473845,0.8142857142857143,0.734375,0.7080445917445014,0.7209694738456819,0.042560656667497566,0.12545248721671723
1,formal_tcn_wgan_gp_seed1,equal_order,B06,mixed,4390,2843,1547,DDoS,0.13618607685234624,0.07072356665038103,0.2782272247625747,0.6645119586296057,0.5651456844420011,0.6108140225787284,-0.011652374115919292,0.02099915998875336
1,formal_tcn_wgan_gp_seed1,equal_order,B07,mixed,4390,4346,44,PortScan,0.07016679344465604,0.032239566963064015,0.005982512655315232,0.0,0.0,0.0,-0.0776716575236095,0.03169922132443784
1,formal_tcn_wgan_gp_seed1,equal_order,B08,mixed,4389,771,3618,PortScan,0.17847877387001596,0.04974338707589063,0.016861219195849545,0.9955776672194583,0.9964038727524205,0.9959905986450989,0.030640322901750415,0.02562991831910058
1,formal_tcn_wgan_gp_seed1,equal_order,B09,mixed,4389,50,4339,PortScan,0.17092919813738894,0.01699830413008151,0.0,0.9612814012445264,1.0,0.9802585193889541,0.023090747169123394,0.03850295858063167
1,formal_tcn_wgan_gp_seed1,equal_order,B10,mixed,4389,2093,2296,PortScan,0.12785681089936887,0.06222671226221552,0.019589106545628284,0.8789198606271778,0.9800874210781932,0.9267508610792193,-0.019981640068896658,0.028561730536937047
1,formal_tcn_wgan_gp_seed1,source_file,Friday-WorkingHours-Morning.pcap_ISCX.csv,Friday-WorkingHours-Morning.pcap_ISCX.csv,11924,11776,148,Bot,0.07199105699929219,0.0344328560874905,0.014436141304347826,0.0,0.0,0.0,-0.07584739396897335,0.029805464442671244
1,formal_tcn_wgan_gp_seed1,source_file,Friday-WorkingHours-Afternoon-DDos.pcap_ISCX.csv,Friday-WorkingHours-Afternoon-DDos.pcap_ISCX.csv,14099,5982,8117,DDoS,0.1637579051198312,0.06929620166003399,0.4573721163490471,0.7510163853640508,0.6902173913043478,0.7193344740102662,0.015919454151565662,0.05373976668084784
1,formal_tcn_wgan_gp_seed1,source_file,Friday-WorkingHours-Afternoon-PortScan.pcap_ISCX.csv,Friday-WorkingHours-Afternoon-PortScan.pcap_ISCX.csv,17874,7577,10297,PortScan,0.13582125696753217,0.0615772455012497,0.011746073643922397,0.950859473633097,0.9909919028340081,0.9705109778460623,-0.012017194000733363,0.02988823061719615
2,formal_tcn_wgan_gp_seed2,equal_order,B01,mixed,4390,4390,0,,0.06471439061045559,0.034280754189058404,0.008200455580865604,0.0,0.0,0.0,-0.10970944556117146,0.05261796912811954
2,formal_tcn_wgan_gp_seed2,equal_order,B02,mixed,4390,4242,148,Bot,0.07037420350603645,0.03407173619064098,0.003771805752003772,0.0,0.0,0.0,-0.1040496326655906,0.04632221555624817
2,formal_tcn_wgan_gp_seed2,equal_order,B03,mixed,4390,4317,73,DDoS,0.08218577450528473,0.04834625666232432,0.051192958072735696,0.9178082191780822,0.2326388888888889,0.37119113573407203,-0.09223806166634231,0.03762495917727009
2,formal_tcn_wgan_gp_seed2,equal_order,B04,mixed,4390,1093,3297,DDoS,0.21436015276241457,0.05943277416234856,0.6880146386093321,0.816196542311192,0.7815858263142608,0.7985163204747774,0.039936316590787536,0.08591840145560303
2,formal_tcn_wgan_gp_seed2,equal_order,B05,mixed,4390,1190,3200,DDoS,0.211613234514123,0.061294029904549616,0.7739495798319328,0.7315625,0.7176578786020846,0.7245434849891674,0.03718939834249596,0.09215330593202137
2,formal_tcn_wgan_gp_seed2,equal_order,B06,mixed,4390,2843,1547,DDoS,0.1548648043974943,0.07612536934168504,0.23461132606401688,0.718164188752424,0.624859392575928,0.6682706766917293,-0.019559031774132745,0.03119365175983743
2,formal_tcn_wgan_gp_seed2,equal_order,B07,mixed,4390,4346,44,PortScan,0.06549776779965832,0.03249881756448032,0.0018407731247123793,0.0,0.0,0.0,-0.10892606837196873,0.05167001171665721
2,formal_tcn_wgan_gp_seed2,equal_order,B08,mixed,4389,771,3618,PortScan,0.24028288172704487,0.0800454088344009,0.007782101167315175,0.9958540630182421,0.99833748960931,0.9970942299709423,0.06585904555541783,0.045043188802211476
2,formal_tcn_wgan_gp_seed2,equal_order,B09,mixed,4389,50,4339,PortScan,0.22542228683823193,0.02754752599503177,0.0,0.9665821617884305,1.0,0.9830071487167468,0.0509984506666049,0.05753204127461395
2,formal_tcn_wgan_gp_seed2,equal_order,B10,mixed,4389,2093,2296,PortScan,0.15801765037894736,0.09844476833176226,0.010033444816053512,0.8989547038327527,0.9899280575539569,0.9422506277105684,-0.016406185792679676,0.0509011739283398
2,formal_tcn_wgan_gp_seed2,source_file,Friday-WorkingHours-Morning.pcap_ISCX.csv,Friday-WorkingHours-Morning.pcap_ISCX.csv,11924,11776,148,Bot,0.0677979738964777,0.03470632932749594,0.007642663043478261,0.0,0.0,0.0,-0.10662586227514935,0.04933701799896152
2,formal_tcn_wgan_gp_seed2,source_file,Friday-WorkingHours-Afternoon-DDos.pcap_ISCX.csv,Friday-WorkingHours-Afternoon-DDos.pcap_ISCX.csv,14099,5982,8117,DDoS,0.18953820279558833,0.07220095619363744,0.42109662320294217,0.765060983121843,0.7114216977889792,0.7372670070046302,0.015114366623961291,0.042044990932173634
2,formal_tcn_wgan_gp_seed2,source_file,Friday-WorkingHours-Afternoon-PortScan.pcap_ISCX.csv,Friday-WorkingHours-Afternoon-PortScan.pcap_ISCX.csv,17874,7577,10297,PortScan,0.17052963134881394,0.09632148723437776,0.0051471558664379045,0.9576575701660678,0.9960606060606061,0.9764816556914393,-0.003894204822813122,0.050524059733080814
3,formal_tcn_wgan_gp_seed3,equal_order,B01,mixed,4390,4390,0,,0.054519484072824594,0.027931338420206137,0.015034168564920273,0.0,0.0,0.0,-0.08582910683761012,0.039629496160823376
3,formal_tcn_wgan_gp_seed3,equal_order,B02,mixed,4390,4242,148,Bot,0.05843599509423691,0.0279100507514962,0.014144271570014143,0.0,0.0,0.0,-0.08191259581619782,0.03539657748010685
3,formal_tcn_wgan_gp_seed3,equal_order,B03,mixed,4390,4317,73,DDoS,0.06934894893394078,0.04288786090200866,0.07597868890433171,0.5342465753424658,0.10626702997275204,0.17727272727272728,-0.07099964197649396,0.026018422848079828
3,formal_tcn_wgan_gp_seed3,equal_order,B04,mixed,4390,1093,3297,DDoS,0.21024138841845103,0.10503655371551919,0.7218664226898445,0.5662723688201395,0.7029367469879518,0.627246766336301,0.0698927975080163,0.09539160437598672
3,formal_tcn_wgan_gp_seed3,equal_order,B05,mixed,4390,1190,3200,DDoS,0.2069362348118451,0.09500349243579274,0.8277310924369747,0.5503125,0.6412964311726147,0.5923309788092836,0.06658764390141038,0.11098944727303747
3,formal_tcn_wgan_gp_seed3,equal_order,B06,mixed,4390,2843,1547,DDoS,0.13450273383781322,0.08119901087721446,0.29862820963770664,0.42921784098254684,0.4388631857237277,0.4339869281045751,-0.005845857072621508,0.024443130423153537
3,formal_tcn_wgan_gp_seed3,equal_order,B07,mixed,4390,4346,44,PortScan,0.054411250994760824,0.02623974442683145,0.010124252185918085,0.0,0.0,0.0,-0.0859373399156739,0.03965002799536854
3,formal_tcn_wgan_gp_seed3,equal_order,B08,mixed,4389,771,3618,PortScan,0.14934810363773068,0.04534795532564806,0.01297016861219196,0.9800995024875622,0.9971878515185602,0.9885698355171453,0.008999512727295968,0.035862772805916696
3,formal_tcn_wgan_gp_seed3,equal_order,B09,mixed,4389,50,4339,PortScan,0.15388877707017543,0.020578091566915833,0.0,0.93961742336944,1.0,0.9688688212927756,0.013540186159740716,0.0515544496720704
3,formal_tcn_wgan_gp_seed3,equal_order,B10,mixed,4389,2093,2296,PortScan,0.10901703801230349,0.06078890280736527,0.02150023889154324,0.8606271777003485,0.9777337951509154,0.915450544359509,-0.03133155289813124,0.039131902748880405
3,formal_tcn_wgan_gp_seed3,source_file,Friday-WorkingHours-Morning.pcap_ISCX.csv,Friday-WorkingHours-Morning.pcap_ISCX.csv,11924,11776,148,Bot,0.05662403502083193,0.02823206091279697,0.016304347826086956,0.0,0.0,0.0,-0.08372455588960279,0.03743419827836261
3,formal_tcn_wgan_gp_seed3,source_file,Friday-WorkingHours-Afternoon-DDos.pcap_ISCX.csv,Friday-WorkingHours-Afternoon-DDos.pcap_ISCX.csv,14099,5982,8117,DDoS,0.17929093852968297,0.09966749497892949,0.48010698762955534,0.5335715165701614,0.6012772455921144,0.5654046997389034,0.03894234761924824,0.052717771385085384
3,formal_tcn_wgan_gp_seed3,source_file,Friday-WorkingHours-Afternoon-PortScan.pcap_ISCX.csv,Friday-WorkingHours-Afternoon-PortScan.pcap_ISCX.csv,17874,7577,10297,PortScan,0.11566706456887098,0.05768888930640468,0.014781575821565264,0.9322132659998058,0.988466687261868,0.959516193522591,-0.024681526341563734,0.03894505776217836
4,formal_tcn_wgan_gp_seed4,equal_order,B01,mixed,4390,4390,0,,0.07280267687642368,0.03801660859871272,0.002733485193621868,0.0,0.0,0.0,-0.2099107959667465,0.11202721158091715
4,formal_tcn_wgan_gp_seed4,equal_order,B02,mixed,4390,4242,148,Bot,0.07893463109205011,0.04335735624085059,0.005657708628005658,0.0,0.0,0.0,-0.20377884175112004,0.10510312297847538
4,formal_tcn_wgan_gp_seed4,equal_order,B03,mixed,4390,4317,73,DDoS,0.10015129559043282,0.07278425745876013,0.045633541811443135,0.0,0.0,0.0,-0.18256217725273738,0.08670354309709367
4,formal_tcn_wgan_gp_seed4,equal_order,B04,mixed,4390,1093,3297,DDoS,0.2791930642252847,0.08394576780736913,0.6029277218664227,0.3991507430997877,0.6663291139240506,0.4992412746585736,-0.003520408617885427,0.1523569859702921
4,formal_tcn_wgan_gp_seed4,equal_order,B05,mixed,4390,1190,3200,DDoS,0.28743872237699314,0.08474469858414783,0.5319327731092437,0.464375,0.7012741859367626,0.5587516450460612,0.0047252495338230005,0.15700634613449085
4,formal_tcn_wgan_gp_seed4,equal_order,B06,mixed,4390,2843,1547,DDoS,0.19725264281685645,0.09919695571618034,0.18009145269081955,0.19457013574660634,0.37023370233702335,0.25508474576271184,-0.08546083002631369,0.0774651697690415
4,formal_tcn_wgan_gp_seed4,equal_order,B07,mixed,4390,4346,44,PortScan,0.073264697205877,0.03903635897131081,0.0048320294523699955,0.0,0.0,0.0,-0.20944877563729317,0.1114817320111622
4,formal_tcn_wgan_gp_seed4,equal_order,B08,mixed,4389,771,3618,PortScan,0.43995948944748237,0.1698704916931057,0.0025940337224383916,0.9925373134328358,0.9994433620929585,0.9959783663846901,0.15724601660431217,0.10695309164246791
4,formal_tcn_wgan_gp_seed4,equal_order,B09,mixed,4389,50,4339,PortScan,0.5090023537981316,0.07403792106985688,0.0,0.9746485365291542,1.0,0.9871615312791784,0.22628888095496152,0.12585328476120067
4,formal_tcn_wgan_gp_seed4,equal_order,B10,mixed,4389,2093,2296,PortScan,0.2870094906511506,0.2217100132523575,0.00047778308647873863,0.9111498257839721,0.9995222169135213,0.9532923217133742,0.004296017807980426,0.11304691627607885
4,formal_tcn_wgan_gp_seed4,source_file,Friday-WorkingHours-Morning.pcap_ISCX.csv,Friday-WorkingHours-Morning.pcap_ISCX.csv,11924,11776,148,Bot,0.07577787304340826,0.04073424021621153,0.005010190217391304,0.0,0.0,0.0,-0.20693559979976192,0.10880589686092208
4,formal_tcn_wgan_gp_seed4,source_file,Friday-WorkingHours-Afternoon-DDos.pcap_ISCX.csv,Friday-WorkingHours-Afternoon-DDos.pcap_ISCX.csv,14099,5982,8117,DDoS,0.25038943436130223,0.09923442756929293,0.3301571380809094,0.38228409510903044,0.6110673493501378,0.4703296703296704,-0.03232403848186795,0.10186913365477927
4,formal_tcn_wgan_gp_seed4,source_file,Friday-WorkingHours-Afternoon-PortScan.pcap_ISCX.csv,Friday-WorkingHours-Afternoon-PortScan.pcap_ISCX.csv,17874,7577,10297,PortScan,0.32291248890850954,0.22238264282106895,0.003563415599841626,0.9626104690686608,0.99728342891639,0.9796402451077287,0.0401990160653394,0.11124621808275909
